date,market,description,line,odds,edge_pct,score,outcome,policy_version,model_prob,model_prob_raw,novig_prob,ev_per_dollar,kelly,decimal_odds,confidence
2026-06-05,prop_pitcher_k,Framber Valdez pitcher_k UNDER 4.5,4.5,110,7.1395166411822695,7.1395166411822695,L,2026-06-15-score-rework,0.5172550390232876,0.5886502054351104,0.4458598726114649,0.08623558194890402,0.05,2.1,0.3298672279987959
2026-06-05,prop_tb,"Willson Contreras tb OVER 0.5 [1-sided, ~8% juice est.]",0.5,-185,8.871926619431147,8.871926619431147,W,2026-06-15-score-rework,0.6978420732118553,0.7865613394061669,0.6091228070175438,0.07505400467772305,0.05,1.5405405405405406,0.09740244721423849
2026-06-05,prop_tb,"Willson Contreras tb OVER 1.5 [1-sided, ~8% juice est.]",1.5,140,9.876237118608305,9.876237118608305,W,2026-06-15-score-rework,0.47542903785274976,0.5741914090388328,0.3766666666666667,0.14102969084659933,0.05,2.4,0.11520429667799857
2026-06-05,prop_tb,"Willson Contreras tb OVER 2.5 [1-sided, ~8% juice est.]",2.5,250,7.7273755170465055,7.7273755170465055,W,2026-06-15-score-rework,0.32298804088475075,0.40026179605521583,0.2457142857142857,0.13045814309662762,0.05,3.5,0.10100933443072807
2026-06-05,prop_tb,"Kyle Isbel tb OVER 1.5 [1-sided, ~8% juice est.]",1.5,210,6.112524766011962,6.112524766011962,L,2026-06-15-score-rework,0.34370589282140995,0.40483114048152957,0.28258064516129033,0.06548826774637084,0.031184889403033732,3.1,0.10419915805316739
2026-06-05,prop_tb,"Michael Massey tb OVER 2.5 [1-sided, ~8% juice est.]",2.5,340,7.545482130176184,7.545482130176184,L,2026-06-15-score-rework,0.2627275485744891,0.3381823698762509,0.18727272727272726,0.1560012137277521,0.04588270991992709,4.4,0.08947719211060369
2026-06-05,prop_tb,"Michael Massey tb OVER 0.5 [1-sided, ~8% juice est.]",0.5,-149,8.86476952885361,8.86476952885361,W,2026-06-15-score-rework,0.6470412695857248,0.7356889648742608,0.5583935742971887,0.08129715521372805,0.05,1.6711409395973154,0.10549567061673741
2026-06-05,prop_tb,"Michael Massey tb OVER 1.5 [1-sided, ~8% juice est.]",1.5,180,9.582339243955278,9.582339243955278,W,2026-06-15-score-rework,0.41296624958240996,0.5087896420219628,0.31714285714285717,0.15630549883074785,0.05,2.8,0.11198409829999559
2026-06-05,prop_tb,"Brandon Marsh tb OVER 0.5 [1-sided, ~8% juice est.]",0.5,-179,7.075628388965538,7.075628388965538,W,2026-06-15-score-rework,0.6723333448215549,0.7430896287112104,0.6015770609318996,0.04793856539225605,0.05,1.558659217877095,0.10176434125972585
2026-06-05,prop_tb,"Brandon Marsh tb OVER 1.5 [1-sided, ~8% juice est.]",1.5,165,9.02725337843075,9.02725337843075,W,2026-06-15-score-rework,0.4276310243503453,0.5179035581346528,0.3373584905660378,0.13322221452841498,0.05,2.65,0.11306391457371498
2026-06-05,prop_tb,"Brandon Marsh tb OVER 2.5 [1-sided, ~8% juice est.]",2.5,340,7.964883647784365,7.964883647784365,W,2026-06-15-score-rework,0.2669215637505709,0.34657040022841457,0.18727272727272726,0.174454880502512,0.05,4.4,0.09038842774028277
2026-06-05,prop_tb,"Bryce Harper tb OVER 0.5 [1-sided, ~8% juice est.]",0.5,-200,6.336073517189334,6.336073517189334,W,2026-06-15-score-rework,0.6900274018385599,0.7533881370104534,0.6266666666666666,0.03504110275783989,0.05,1.5,0.09880259877491154
2026-06-05,prop_tb,"Bryce Harper tb OVER 1.5 [1-sided, ~8% juice est.]",1.5,125,6.317905874867052,6.317905874867052,W,2026-06-15-score-rework,0.46762350319311496,0.5308025619417855,0.40444444444444444,0.05215288218450864,0.041722305747606915,2.25,0.11499896510527184
2026-06-05,prop_tb,"Kyle Schwarber tb OVER 1.5 [1-sided, ~8% juice est.]",1.5,125,11.781435458244044,11.781435458244044,W,2026-06-15-score-rework,0.5222587990268849,0.6400731536093254,0.40444444444444444,0.175082297810491,0.05,2.25,0.11525431385077903
2026-06-05,prop_tb,"Kyle Schwarber tb OVER 2.5 [1-sided, ~8% juice est.]",2.5,185,7.8305587977962,7.8305587977962,W,2026-06-15-score-rework,0.38918278096041814,0.46748836893838014,0.31087719298245614,0.10917092573719178,0.05,2.85,0.10981043585176613
2026-06-05,prop_hr,"Kyle Schwarber hr OVER 0.5 [1-sided, ~8% juice est.]",0.5,235,4.80923807414092,4.80923807414092,L,2026-06-15-score-rework,0.30659984342797636,0.35469222416938556,0.25850746268656716,0.02710947548372089,0.011535947014349315,3.35,0.08753903919649295
2026-06-05,prop_tb,"Kyle Schwarber tb OVER 0.5 [1-sided, ~8% juice est.]",0.5,-179,11.560893613903222,11.560893613903222,W,2026-06-15-score-rework,0.7171859970709318,0.8327949332099639,0.6015770609318996,0.11784856526698312,0.05,1.558659217877095,0.09369392596321958
2026-06-05,prop_rbi,"Edmundo Sosa rbi OVER 0.5 [1-sided, ~8% juice est.]",0.5,200,7.1139239684863025,7.1139239684863025,W,2026-06-15-score-rework,0.36447257301819636,0.4356118127030593,0.29333333333333333,0.09341771905458907,0.04670885952729453,3.0,0.10826668416649197
2026-06-05,prop_tb,"Jesús Sánchez tb OVER 0.5 [1-sided, ~8% juice est.]",0.5,-149,7.724979620045113,7.724979620045113,W,2026-06-15-score-rework,0.6356433704976399,0.7128931666980909,0.5583935742971887,0.06224965942223032,0.05,1.6711409395973154,0.10698402292671157
2026-06-05,prop_tb,"Ernie Clement tb OVER 1.5 [1-sided, ~8% juice est.]",1.5,135,6.232389074915718,6.232389074915718,L,2026-06-15-score-rework,0.4478558056427742,0.5101796963919314,0.38553191489361704,0.05246114326051943,0.038860106118903275,2.35,0.11422717740275574
2026-06-05,prop_tb,"Ernie Clement tb OVER 2.5 [1-sided, ~8% juice est.]",2.5,310,6.777694883596028,6.777694883596028,L,2026-06-15-score-rework,0.2716793878603505,0.3394563366963108,0.20390243902439023,0.11388549022743699,0.03673725491207645,4.1,0.09140248809505966
2026-06-05,prop_tb,"Jesús Sánchez tb OVER 1.5 [1-sided, ~8% juice est.]",1.5,165,7.2067239842548645,7.2067239842548645,L,2026-06-15-score-rework,0.40942573040858643,0.48149297025113513,0.3373584905660378,0.08497818558275405,0.05,2.65,0.11169362364116839
2026-06-05,prop_rbi,"Dominic Smith rbi OVER 0.5 [1-sided, ~8% juice est.]",0.5,185,7.564531772996053,7.564531772996053,W,2026-06-15-score-rework,0.38652251071241667,0.4621678284423772,0.31087719298245614,0.1015891555303875,0.05,2.85,0.11083300514358341
2026-06-05,prop_tb,"Brandon Lowe tb OVER 1.5 [1-sided, ~8% juice est.]",1.5,145,8.094643143848318,8.094643143848318,L,2026-06-15-score-rework,0.44910969674460566,0.5300561281830888,0.3681632653061225,0.10031875702428394,0.05,2.45,0.11428685635710886
2026-06-05,prop_tb,"Oneil Cruz tb OVER 1.5 [1-sided, ~8% juice est.]",1.5,145,6.043714162582075,6.043714162582075,L,2026-06-15-score-rework,0.42860040693194323,0.489037548557764,0.3681632653061225,0.05007099698326101,0.03453172205742138,2.45,0.11312829263409156
2026-06-05,prop_tb,"Brandon Lowe tb OVER 0.5 [1-sided, ~8% juice est.]",0.5,-189,6.940925323875291,6.940925323875291,L,2026-06-15-score-rework,0.6833884919930782,0.7527977452318311,0.6139792387543253,0.044969704687828516,0.05,1.529100529100529,0.0999477643837837
2026-06-05,prop_tb,"Brandon Lowe tb OVER 2.5 [1-sided, ~8% juice est.]",2.5,265,6.195635779944511,6.195635779944511,L,2026-06-15-score-rework,0.2959289605391711,0.3578853183386162,0.233972602739726,0.08014070596797451,0.030241775836971515,3.65,0.09624599716185533
2026-06-05,prop_pitcher_k,Robbie Ray pitcher_k UNDER 4.5,4.5,105,13.833511338871302,13.833511338871302,W,2026-06-15-score-rework,0.5930092007389629,0.731344314127676,0.4546740873502499,0.21566886151487386,0.05,2.05,0.3188325954512837
2026-06-05,prop_tb,"Nathaniel Lowe tb OVER 1.5 [1-sided, ~8% juice est.]",1.5,145,10.105836073910796,10.105836073910796,L,2026-06-15-score-rework,0.46922162604523043,0.5702799867843383,0.3681632653061225,0.14959298381081465,0.05,2.45,0.11504558762477474
2026-06-05,prop_tb,"Nathaniel Lowe tb OVER 2.5 [1-sided, ~8% juice est.]",2.5,310,9.626036028896454,9.626036028896454,L,2026-06-15-score-rework,0.30016279931335477,0.39642315960231933,0.20390243902439023,0.23066747718475444,0.05,4.1,0.09703594016392908
2026-06-05,prop_tb,"JJ Bleday tb OVER 0.5 [1-sided, ~8% juice est.]",0.5,-200,9.576224999467387,9.576224999467387,W,2026-06-15-score-rework,0.7224289166613405,0.8181911666560143,0.6266666666666666,0.08364337499201069,0.05,1.5,0.09262923310429258
2026-06-05,prop_tb,"JJ Bleday tb OVER 2.5 [1-sided, ~8% juice est.]",2.5,240,9.540481433211411,9.540481433211411,L,2026-06-15-score-rework,0.3495224613909377,0.4449272757230518,0.25411764705882356,0.18837636872918806,0.05,3.4,0.10502341154444049
2026-06-05,prop_tb,"JJ Bleday tb OVER 3.5 [1-sided, ~8% juice est.]",3.5,350,6.316781636978411,6.316781636978411,L,2026-06-15-score-rework,0.2453900385920063,0.3085578549617904,0.1822222222222222,0.10425517366402837,0.029787192475436677,4.5,0.08553782236024242
2026-06-05,prop_tb,"Iván Herrera tb OVER 1.5 [1-sided, ~8% juice est.]",1.5,110,8.030399347738742,8.030399347738742,L,2026-06-15-score-rework,0.5164944696678636,0.5967984631452511,0.4361904761904762,0.08463838630251364,0.05,2.1,0.11535750343289745
2026-06-05,prop_tb,"Jordan Walker tb OVER 0.5 [1-sided, ~8% juice est.]",0.5,-263,10.892865215817892,10.892865215817892,W,2026-06-15-score-rework,0.793446558494267,0.902375210652446,0.6845179063360881,0.09513726514607956,0.05,1.3802281368821292,0.0757057459509458
2026-06-05,prop_tb,"Jordan Walker tb OVER 1.5 [1-sided, ~8% juice est.]",1.5,105,15.380059680047504,15.380059680047504,W,2026-06-15-score-rework,0.6016054748492555,0.7554060716497306,0.4478048780487805,0.23329122344097375,0.05,2.05,0.11071433818647416
2026-06-05,prop_tb,"Jordan Walker tb OVER 2.5 [1-sided, ~8% juice est.]",2.5,210,15.800050805376731,15.800050805376731,W,2026-06-15-score-rework,0.44058115321505764,0.598581661268825,0.28258064516129033,0.36580157496667876,0.05,3.1,0.113852280960137
2026-06-05,prop_tb,"Jordan Walker tb OVER 3.5 [1-sided, ~8% juice est.]",3.5,310,12.569423447361869,12.569423447361869,W,2026-06-15-score-rework,0.3295966734980089,0.45529090797162763,0.20390243902439023,0.3513463613418364,0.05,4.1,0.10206990423682703
2026-06-05,prop_tb,"Jimmy Crooks tb OVER 0.5 [1-sided, ~8% juice est.]",0.5,-149,9.419714920389,9.419714920389,L,2026-06-15-score-rework,0.6525907235010787,0.7467878727049687,0.5583935742971887,0.0905710748440845,0.05,1.6711409395973154,0.10472757168835022
2026-06-05,prop_tb,"Jimmy Crooks tb OVER 1.5 [1-sided, ~8% juice est.]",1.5,175,9.943494188700457,9.943494188700457,L,2026-06-15-score-rework,0.42307130552336825,0.5225062474103728,0.32363636363636367,0.1634460901892627,0.05,2.75,0.11274945138049505
2026-06-05,prop_tb,"Jimmy Crooks tb OVER 2.5 [1-sided, ~8% juice est.]",2.5,360,8.672346810877784,8.672346810877784,L,2026-06-15-score-rework,0.2641147724566039,0.35083824056538176,0.17739130434782607,0.21492795330037795,0.05,4.6,0.08978039349261982
2026-06-05,prop_tb,"Lars Nootbaar tb OVER 0.5 [1-sided, ~8% juice est.]",0.5,-179,10.529586491636156,10.529586491636156,W,2026-06-15-score-rework,0.7068729258482611,0.8121687907646227,0.6015770609318996,0.10177400174114448,0.05,1.558659217877095,0.09571411937206419
2026-06-05,prop_tb,"Lars Nootbaar tb OVER 1.5 [1-sided, ~8% juice est.]",1.5,145,12.082894895805179,12.082894895805179,W,2026-06-15-score-rework,0.4889922142641743,0.6098211632222261,0.3681632653061225,0.19803092494722707,0.05,2.45,0.11542720731726182
2026-06-05,prop_tb,"Lars Nootbaar tb OVER 2.5 [1-sided, ~8% juice est.]",2.5,290,10.979600114002572,10.979600114002572,W,2026-06-15-score-rework,0.3262062575502821,0.43600225869030784,0.21641025641025638,0.27220440444610017,0.05,3.9,0.10153084204006257
2026-06-05,prop_tb,"JJ Bleday tb OVER 1.5 [1-sided, ~8% juice est.]",1.5,125,10.702884610323233,10.702884610323233,L,2026-06-15-score-rework,0.5114732905476768,0.618502136650909,0.40444444444444444,0.1508149037322727,0.05,2.25,0.1154223731686129
2026-06-05,prop_tb,"Victor Scott II tb OVER 1.5 [1-sided, ~8% juice est.]",1.5,225,6.833066579551983,6.833066579551983,L,2026-06-15-score-rework,0.33602297348782756,0.4043536392833474,0.26769230769230773,0.0920746638354395,0.04092207281575089,3.25,0.10306251841459778
2026-06-05,prop_rbi,"JJ Bleday rbi OVER 0.5 [1-sided, ~8% juice est.]",0.5,165,7.498145747747337,7.498145747747337,L,2026-06-15-score-rework,0.41233994804351115,0.48732140552098446,0.3373584905660378,0.0927008623153045,0.05,2.65,0.11326018497053829
2026-06-05,prop_tb,"Iván Herrera tb OVER 3.5 [1-sided, ~8% juice est.]",3.5,390,6.245733675128143,6.245733675128143,L,2026-06-15-score-rework,0.22653896940434265,0.2889963061556241,0.16408163265306122,0.11004095008127912,0.028215628225969003,4.9,0.08093941940312536
2026-06-05,prop_tb,"Nathaniel Lowe tb OVER 0.5 [1-sided, ~8% juice est.]",0.5,-204,7.63045338352798,7.63045338352798,L,2026-06-15-score-rework,0.7073571654142271,0.7836616992495069,0.6310526315789473,0.05410087395061297,0.05,1.4901960784313726,0.09562146185825146
2026-06-05,prop_tb,"Iván Herrera tb OVER 2.5 [1-sided, ~8% juice est.]",2.5,240,8.432870811053444,8.432870811053444,L,2026-06-15-score-rework,0.338446355169358,0.42277506327989245,0.25411764705882356,0.1507176075758171,0.05,3.4,0.10342693023980049
2026-06-05,prop_tb,"Victor Scott II tb OVER 0.5 [1-sided, ~8% juice est.]",0.5,-125,6.212272643686257,6.212272643686257,W,2026-06-15-score-rework,0.5776782819924181,0.6398010084292807,0.5155555555555555,0.039820907586352594,0.04977613448294074,1.8,0.11269591732327118
2026-06-05,prop_rbi,"Luis García Jr. rbi OVER 0.5 [1-sided, ~8% juice est.]",0.5,190,7.649055815853778,7.649055815853778,W,2026-06-15-score-rework,0.3813181443654344,0.45780870252397216,0.3048275862068966,0.10582261865975962,0.05,2.9,0.11026826362788247
2026-06-05,prop_tb,"Luis García Jr. tb OVER 1.5 [1-sided, ~8% juice est.]",1.5,145,6.714928979413121,6.714928979413121,W,2026-06-15-score-rework,0.4353125551002537,0.5024618448943848,0.3681632653061225,0.06651575999562165,0.045872937928014924,2.45,0.11355023877882212
2026-06-05,prop_tb,"Luis García Jr. tb OVER 2.5 [1-sided, ~8% juice est.]",2.5,320,6.715606048455217,6.715606048455217,W,2026-06-15-score-rework,0.26525129857979024,0.3324073590643424,0.19809523809523807,0.11405545403511907,0.03564232938597471,4.2,0.09002747564875475
2026-06-05,prop_tb,"CJ Abrams tb OVER 0.5 [1-sided, ~8% juice est.]",0.5,-222,7.653848449823586,7.653848449823586,W,2026-06-15-score-rework,0.7259794782870557,0.8025179627852914,0.6494409937888198,0.052997261299242926,0.05,1.4504504504504505,0.09189378926124137
2026-06-05,prop_tb,"CJ Abrams tb OVER 1.5 [1-sided, ~8% juice est.]",1.5,120,9.080542382557644,9.080542382557644,W,2026-06-15-score-rework,0.505350878371031,0.5961563021966073,0.41454545454545455,0.11177193241626826,0.05,2.2,0.1154699543160574
2026-06-05,prop_tb,"CJ Abrams tb OVER 2.5 [1-sided, ~8% juice est.]",2.5,240,8.400506069641377,8.400506069641377,W,2026-06-15-score-rework,0.33812270775523734,0.4221277684516512,0.25411764705882356,0.14961720636780695,0.05,3.4,0.10337857623744032
2026-06-05,prop_tb,"CJ Abrams tb OVER 3.5 [1-sided, ~8% juice est.]",3.5,390,6.217447105233057,6.217447105233057,W,2026-06-15-score-rework,0.2262561037053918,0.2884305747577223,0.16408163265306122,0.10865490815641987,0.027860232860620476,4.9,0.08086791891399073
2026-06-05,prop_tb,"Tommy Troy tb OVER 0.5 [1-sided, ~8% juice est.]",0.5,-169,8.80091537305061,8.80091537305061,W,2026-06-15-score-rework,0.6762619418345953,0.7642710955651014,0.5882527881040892,0.07641693700299484,0.05,1.5917159763313609,0.1011317288315617
2026-06-05,prop_tb,"Tommy Troy tb OVER 1.5 [1-sided, ~8% juice est.]",1.5,160,10.005134164134521,10.005134164134521,W,2026-06-15-score-rework,0.44466672625672987,0.5447180678980751,0.34461538461538466,0.15613348826749773,0.05,2.6,0.11406884803257979
2026-06-05,prop_tb,"Tommy Troy tb OVER 2.5 [1-sided, ~8% juice est.]",2.5,340,9.223230078700173,9.223230078700173,L,2026-06-15-score-rework,0.279505028059729,0.3717373288467308,0.18727272727272726,0.22982212346280761,0.05,4.4,0.09302492020010018
2026-06-05,prop_hr,"Hunter Goodman hr OVER 0.5 [1-sided, ~8% juice est.]",0.5,265,5.651453654560681,5.651453654560681,W,2026-06-15-score-rework,0.2904871392853328,0.34700167583093966,0.233972602739726,0.06027805839146472,0.022746437128854612,3.65,0.08486587495484464
2026-06-05,prop_tb,"Jake McCarthy tb OVER 1.5 [1-sided, ~8% juice est.]",1.5,-105,6.583684538132601,6.583684538132601,W,2026-06-15-score-rework,0.5380319673325455,0.6038688127138715,0.47219512195121954,0.050443364792112755,0.05,1.9523809523809523,0.11481502673208696
2026-06-05,prop_tb,"Jake McCarthy tb OVER 2.5 [1-sided, ~8% juice est.]",2.5,210,7.367597242786816,7.367597242786816,W,2026-06-15-score-rework,0.3562566175891585,0.4299325900170266,0.28258064516129033,0.1043955145263914,0.049712149774472095,3.1,0.10593865253636262
2026-06-05,prop_tb,"Hunter Goodman tb OVER 0.5 [1-sided, ~8% juice est.]",0.5,-263,6.727910846511421,6.727910846511421,W,2026-06-15-score-rework,0.7517970148012023,0.8190761232663165,0.6845179063360881,0.03765139305260995,0.05,1.3802281368821292,0.08619584357487757
2026-06-05,prop_tb,"Hunter Goodman tb OVER 1.5 [1-sided, ~8% juice est.]",1.5,-110,6.798925462295541,6.798925462295541,W,2026-06-15-score-rework,0.5517987784324793,0.6197880330554347,0.48380952380952386,0.05343403155291504,0.05,1.9090909090909092,0.11424376243103833
2026-06-05,prop_rbi,"Wade Meckler rbi OVER 0.5 [1-sided, ~8% juice est.]",0.5,230,8.05319413887683,8.05319413887683,L,2026-06-15-score-rework,0.34356224441907135,0.42409418580783964,0.26303030303030306,0.1337554065829354,0.05,3.3,0.10541312023331727
2026-06-05,prop_tb,"Mike Trout tb OVER 0.5 [1-sided, ~8% juice est.]",0.5,-159,7.060474309053621,7.060474309053621,L,2026-06-15-score-rework,0.6445043569901501,0.7151091000806862,0.5738996138996139,0.049853009185212904,0.05,1.6289308176100628,0.10583732796246081
2026-06-05,prop_tb,"Mike Trout tb OVER 1.5 [1-sided, ~8% juice est.]",1.5,155,6.59699250039475,6.59699250039475,L,2026-06-15-score-rework,0.41812678774904555,0.48409671275299304,0.35215686274509805,0.0662233087600661,0.04272471532907491,2.55,0.1123867423387561
2026-06-05,prop_tb,"Wade Meckler tb OVER 0.5 [1-sided, ~8% juice est.]",0.5,-159,9.78267026362155,9.78267026362155,L,2026-06-15-score-rework,0.6717263165358294,0.7695530191720448,0.5738996138996139,0.09419569800490435,0.05,1.6289308176100628,0.10186081773155226
2026-06-05,prop_tb,"Wade Meckler tb OVER 1.5 [1-sided, ~8% juice est.]",1.5,185,12.035199092196075,12.035199092196075,L,2026-06-15-score-rework,0.4312291839044169,0.5515811748263776,0.31087719298245614,0.2290031741275882,0.05,2.85,0.11329850409910874
2026-06-05,prop_tb,"Wade Meckler tb OVER 2.5 [1-sided, ~8% juice est.]",2.5,390,10.710803887383355,10.710803887383355,L,2026-06-15-score-rework,0.27118967152689477,0.3782977104007283,0.16408163265306122,0.3288293904817844,0.05,4.9,0.09129907776284592
2026-06-05,prop_tb,"Zach Neto tb OVER 0.5 [1-sided, ~8% juice est.]",0.5,-169,6.172564894399479,6.172564894399479,W,2026-06-15-score-rework,0.649978437048084,0.7117040859920788,0.5882527881040892,0.034581062520323,0.05,1.5917159763313609,0.10509268207292197
2026-06-05,prop_tb,"Oswald Peraza tb OVER 0.5 [1-sided, ~8% juice est.]",0.5,-145,9.792208098758248,9.792208098758248,L,2026-06-15-score-rework,0.64975881568146,0.7476808966690425,0.5518367346938775,0.09786834373763931,0.05,1.6896551724137931,0.1051230905057964
2026-06-05,prop_tb,"Oswald Peraza tb OVER 1.5 [1-sided, ~8% juice est.]",1.5,210,12.05209631091535,12.05209631091535,L,2026-06-15-score-rework,0.40310160827044383,0.5236225713795973,0.28258064516129033,0.24961498563837592,0.05,3.1,0.11114595620320154
2026-06-06,prop_tb,"Ernie Clement tb OVER 2.5 [1-sided, ~8% juice est.]",2.5,320,6.1229703799610595,6.1229703799610595,W,2026-06-15-score-rework,0.25932494189484867,0.3205546456944593,0.19809523809523807,0.08916475595836448,0.0278639862369889,4.2,0.08872596599028258
2026-06-06,prop_tb,"Carlos Cortes tb OVER 2.5 [1-sided, ~8% juice est.]",2.5,250,7.806952799053921,7.806952799053921,L,2026-06-15-score-rework,0.3237838137048249,0.40185334169536413,0.2457142857142857,0.1332433479668872,0.05,3.5,0.10113917880252414
2026-06-06,prop_tb,"Nick Kurtz tb OVER 0.5 [1-sided, ~8% juice est.]",0.5,-189,6.865179033801572,6.865179033801572,L,2026-06-15-score-rework,0.682631029092341,0.7512828194303566,0.6139792387543253,0.04381146776553724,0.05,1.529100529100529,0.10007583347919523
2026-06-06,prop_tb,"Shea Langeliers tb OVER 0.5 [1-sided, ~8% juice est.]",0.5,-244,7.021244498323609,7.021244498323609,W,2026-06-15-score-rework,0.7395147705646314,0.8097272155478675,0.6693023255813954,0.04259459456652959,0.05,1.4098360655737705,0.08898333562858705
2026-06-06,prop_tb,"Shea Langeliers tb OVER 2.5 [1-sided, ~8% juice est.]",2.5,185,6.078308347656486,6.078308347656486,L,2026-06-15-score-rework,0.371660276459021,0.4324433599355858,0.31087719298245614,0.05923178790820993,0.03201718265308645,2.85,0.10787464737722961
2026-06-06,prop_tb,"Carlos Cortes tb OVER 0.5 [1-sided, ~8% juice est.]",0.5,-222,6.915687974724605,6.915687974724605,W,2026-06-15-score-rework,0.7185978735360659,0.7877547532833118,0.6494409937888198,0.04229060936312257,0.05,1.4504504504504505,0.09340971123623373
2026-06-06,prop_tb,"Shea Langeliers tb OVER 1.5 [1-sided, ~8% juice est.]",1.5,105,7.9265490295096495,7.9265490295096495,L,2026-06-15-score-rework,0.527070368343877,0.6063358586389735,0.4478048780487805,0.08049425510494779,0.05,2.05,0.11514467379225689
2026-06-06,prop_tb,"Zack Gelof tb OVER 0.5 [1-sided, ~8% juice est.]",0.5,-149,8.108141909228328,8.108141909228328,W,2026-06-15-score-rework,0.639474993389472,0.7205564124817553,0.5583935742971887,0.06865284130186927,0.05,1.6711409395973154,0.10649707663121433
2026-06-06,prop_tb,"Zack Gelof tb OVER 1.5 [1-sided, ~8% juice est.]",1.5,185,8.983242752960196,8.983242752960196,L,2026-06-15-score-rework,0.4007096205120581,0.4905420480416601,0.31087719298245614,0.1420224184593657,0.05,2.85,0.11092917988956505
2026-06-06,prop_tb,"Christian Vázquez tb OVER 1.5 [1-sided, ~8% juice est.]",1.5,215,6.994805281007011,6.994805281007011,W,2026-06-15-score-rework,0.34740837027038757,0.4173564230804577,0.27746031746031746,0.09433636635172082,0.04387737969847481,3.15,0.10472744393394724
2026-06-06,prop_tb,"Zack Gelof tb OVER 2.5 [1-sided, ~8% juice est.]",2.5,360,7.21226508395659,7.21226508395659,L,2026-06-15-score-rework,0.24951395518739197,0.32163660602695787,0.17739130434782607,0.147764193862003,0.04104560940611195,4.6,0.08650001611716156
2026-06-06,prop_tb,"Carlos Cortes tb OVER 1.5 [1-sided, ~8% juice est.]",1.5,120,8.063138279671666,8.063138279671666,W,2026-06-15-score-rework,0.4951768373421712,0.5758082201388879,0.41454545454545455,0.08938904215277677,0.05,2.2,0.1154724344334468
2026-06-06,prop_tb,"Nick Kurtz tb OVER 1.5 [1-sided, ~8% juice est.]",1.5,125,6.185013806514589,6.185013806514589,L,2026-06-15-score-rework,0.4662945825095903,0.5281447205747362,0.40444444444444444,0.04916281064657824,0.03933024851726259,2.25,0.11495839927183149
2026-06-06,prop_rbi,"Christian Vázquez rbi OVER 0.5 [1-sided, ~8% juice est.]",0.5,230,8.591213097626355,8.591213097626355,W,2026-06-15-score-rework,0.3489424340065666,0.43485456498283015,0.26303030303030306,0.1515100322216697,0.05,3.3,0.10618639133044531
2026-06-06,prop_tb,"Yandy Díaz tb OVER 1.5 [1-sided, ~8% juice est.]",1.5,125,6.0861689519861315,6.0861689519861315,W,2026-06-15-score-rework,0.46530613396430576,0.5261678234841671,0.40444444444444444,0.04693880141968798,0.03755104113575038,2.25,0.11492716838288555
2026-06-06,prop_tb,"Yandy Díaz tb OVER 2.5 [1-sided, ~8% juice est.]",2.5,280,6.554542019405149,6.554542019405149,W,2026-06-15-score-rework,0.2887033149308936,0.3542487351249451,0.22315789473684208,0.09707259673739543,0.0346687845490698,3.8,0.09485959849713778
2026-06-06,prop_pitcher_k,Eduardo Rodriguez pitcher_k UNDER 4.5,4.5,-149,6.098190457635189,6.098190457635189,L,2026-06-15-score-rework,0.6178425559378041,0.678824460514156,0.5568606513614522,0.03250198945310884,0.04842796428513217,1.6711409395973154,0.3119154116528352
2026-06-06,prop_tb,"Nolan Arenado tb OVER 0.5 [1-sided, ~8% juice est.]",0.5,-233,7.25070326213303,7.25070326213303,L,2026-06-15-score-rework,0.73220673232103,0.8047137649423601,0.6596996996996997,0.046458548767823904,0.05,1.4291845493562232,0.09057578345273945
2026-06-06,prop_tb,"Nolan Arenado tb OVER 1.5 [1-sided, ~8% juice est.]",1.5,125,9.73974767739912,9.73974767739912,L,2026-06-15-score-rework,0.5018419212184356,0.5992393979924268,0.40444444444444444,0.12914432274148013,0.05,2.25,0.11548161314020715
2026-06-06,prop_tb,"Nolan Arenado tb OVER 2.5 [1-sided, ~8% juice est.]",2.5,250,8.976272288442447,8.976272288442447,L,2026-06-15-score-rework,0.33547700859871016,0.42523973148313465,0.2457142857142857,0.17416953009548564,0.05,3.5,0.10297967102315064
2026-06-06,prop_tb,"Nolan Arenado tb OVER 3.5 [1-sided, ~8% juice est.]",3.5,375,6.031356936612006,6.031356936612006,L,2026-06-15-score-rework,0.23083988515559373,0.29115345452171376,0.17052631578947366,0.0964894544890702,0.02573052119708539,4.75,0.08201746312838036
2026-06-06,prop_tb,"Tommy Troy tb OVER 1.5 [1-sided, ~8% juice est.]",1.5,155,10.651603501029872,10.651603501029872,L,2026-06-15-score-rework,0.45867289775539677,0.5651889327656955,0.35215686274509805,0.1696158892762617,0.05,2.55,0.11469423186095923
2026-06-06,prop_tb,"Tommy Troy tb OVER 2.5 [1-sided, ~8% juice est.]",2.5,340,10.208935376725403,10.208935376725403,L,2026-06-15-score-rework,0.2893620810399813,0.39145143480723527,0.18727272727272726,0.2731931565759178,0.05,4.4,0.0949879955690395
2026-06-06,prop_tb,"Tommy Troy tb OVER 0.5 [1-sided, ~8% juice est.]",0.5,-189,8.29408566851736,8.29408566851736,L,2026-06-15-score-rework,0.6969200954394988,0.7798609521246724,0.6139792387543253,0.06566088667732889,0.05,1.529100529100529,0.0975705731458823
2026-06-06,prop_tb,"Kyle Schwarber tb OVER 0.5 [1-sided, ~8% juice est.]",0.5,-189,8.393726380356792,8.393726380356792,L,2026-06-15-score-rework,0.6979165025578932,0.7818537663614611,0.6139792387543253,0.06718449332926518,0.05,1.529100529100529,0.09738884049998676
2026-06-06,prop_tb,"Kyle Schwarber tb OVER 1.5 [1-sided, ~8% juice est.]",1.5,120,7.665389378643694,7.665389378643694,L,2026-06-15-score-rework,0.4911993483318915,0.5678532421183284,0.41454545454545455,0.08063856633016142,0.05,2.2,0.11544740295903008
2026-06-06,prop_tb,"Miguel Vargas tb OVER 0.5 [1-sided, ~8% juice est.]",0.5,-204,8.351247688523555,8.351247688523555,W,2026-06-15-score-rework,0.7145651084641829,0.7980775853494184,0.6310526315789473,0.06484212241721371,0.05,1.4901960784313726,0.09421663589025972
2026-06-06,prop_tb,"Miguel Vargas tb OVER 1.5 [1-sided, ~8% juice est.]",1.5,115,8.24254847042406,8.24254847042406,L,2026-06-15-score-rework,0.5075417637740081,0.5899672484782488,0.42511627906976746,0.09121479211411732,0.05,2.15,0.11545690642514721
2026-06-06,prop_tb,"Colson Montgomery tb OVER 0.5 [1-sided, ~8% juice est.]",0.5,-204,7.603980293658708,7.603980293658708,W,2026-06-15-score-rework,0.7070924345155344,0.7831322374521215,0.6310526315789473,0.053706373003541474,0.05,1.4901960784313726,0.09567214401474808
2026-06-06,prop_tb,"Colson Montgomery tb OVER 1.5 [1-sided, ~8% juice est.]",1.5,105,6.088173646016543,6.088173646016543,W,2026-06-15-score-rework,0.5086866145089459,0.5695683509691113,0.4478048780487805,0.04280755974333905,0.04076910451746577,2.05,0.11544832414441128
2026-06-06,prop_tb,"Drew Romo tb OVER 0.5 [1-sided, ~8% juice est.]",0.5,-149,9.768493787963262,9.768493787963262,L,2026-06-15-score-rework,0.6560785121768213,0.7537634500564541,0.5583935742971887,0.09639966128878191,0.05,1.6711409395973154,0.10423026736286349
2026-06-06,prop_tb,"Miguel Vargas tb OVER 2.5 [1-sided, ~8% juice est.]",2.5,210,6.6666083171060375,6.6666083171060375,L,2026-06-15-score-rework,0.3492467283323507,0.41591281150341114,0.28258064516129033,0.08266485783028721,0.03936421801442248,3.1,0.1049850437393529
2026-06-06,prop_tb,"Drew Romo tb OVER 1.5 [1-sided, ~8% juice est.]",1.5,165,9.695951359609383,9.695951359609383,L,2026-06-15-score-rework,0.4343180041621316,0.5312775177582254,0.3373584905660378,0.15094271102964874,0.05,2.65,0.11349034502120357
2026-06-06,prop_tb,"Drew Romo tb OVER 2.5 [1-sided, ~8% juice est.]",2.5,320,8.046778929910767,8.046778929910767,L,2026-06-15-score-rework,0.27856302739434574,0.3590308166934534,0.19809523809523807,0.1699647150562522,0.05,4.2,0.0928326175223846
2026-06-06,prop_hr,"Miguel Vargas hr OVER 0.5 [1-sided, ~8% juice est.]",0.5,360,6.13283902685798,6.13283902685798,L,2026-06-15-score-rework,0.23871969461640588,0.3000480848849857,0.17739130434782607,0.09811059523546695,0.027252943120963043,4.6,0.07483051881435022
2026-06-06,prop_tb,"Ryan O'Hearn tb OVER 1.5 [1-sided, ~8% juice est.]",1.5,155,8.551810038386536,8.551810038386536,L,2026-06-15-score-rework,0.4376749631289634,0.5231930635128288,0.35215686274509805,0.11607115597885664,0.05,2.55,0.11368884414318076
2026-06-06,prop_tb,"Oneil Cruz tb OVER 2.5 [1-sided, ~8% juice est.]",2.5,265,8.056696138901762,8.056696138901762,L,2026-06-15-score-rework,0.3145395641287436,0.39510652551776126,0.233972602739726,0.14806940906991417,0.05,3.65,0.09959473956400133
2026-06-06,prop_rbi,"Bryan Reynolds rbi OVER 0.5 [1-sided, ~8% juice est.]",0.5,200,7.687344322996747,7.687344322996747,L,2026-06-15-score-rework,0.3702067765633008,0.44708021979326823,0.29333333333333333,0.11062032968990243,0.05,3.0,0.10897779917318562
2026-06-06,prop_tb,"Ryan O'Hearn tb OVER 0.5 [1-sided, ~8% juice est.]",0.5,-185,6.910733921304246,6.910733921304246,W,2026-06-15-score-rework,0.6782301462305863,0.7473374854436288,0.6091228070175438,0.04484103608495732,0.05,1.5405405405405406,0.10080943241940526
2026-06-06,prop_tb,"Bryan Reynolds tb OVER 1.5 [1-sided, ~8% juice est.]",1.5,150,6.95200809185414,6.95200809185414,W,2026-06-15-score-rework,0.42952008091854144,0.49904016183708283,0.36000000000000004,0.07380020229635365,0.049200134864235766,2.5,0.11318856695358155
2026-06-06,prop_tb,"Bryan Reynolds tb OVER 2.5 [1-sided, ~8% juice est.]",2.5,320,6.560295840665134,6.560295840665134,L,2026-06-15-score-rework,0.2636981965018894,0.3293011549085408,0.19809523809523807,0.10753242530793561,0.03360388290872988,4.2,0.0896895305118309
2026-06-06,prop_tb,"Oneil Cruz tb OVER 1.5 [1-sided, ~8% juice est.]",1.5,155,10.838882529670556,10.838882529670556,L,2026-06-15-score-rework,0.4605456880418036,0.5689345133385092,0.35215686274509805,0.17439150450659913,0.05,2.55,0.11476411611389421
2026-06-06,prop_tb,"Brandon Lowe tb OVER 0.5 [1-sided, ~8% juice est.]",0.5,-179,10.836268581993647,10.836268581993647,L,2026-06-15-score-rework,0.709939746751836,0.8183024325717726,0.6015770609318996,0.10655413041207967,0.05,1.558659217877095,0.09512363547818121
2026-06-06,prop_tb,"Brandon Lowe tb OVER 1.5 [1-sided, ~8% juice est.]",1.5,140,12.099849990142115,12.099849990142115,L,2026-06-15-score-rework,0.49766516656808785,0.618663666469509,0.3766666666666667,0.19439639976341072,0.05,2.4,0.11548066212541724
2026-06-06,prop_tb,"Brandon Lowe tb OVER 2.5 [1-sided, ~8% juice est.]",2.5,250,9.968994434591997,9.968994434591997,L,2026-06-15-score-rework,0.34540423006020565,0.44509417440612564,0.2457142857142857,0.2089148052107197,0.05,3.5,0.1044430566155267
2026-06-06,prop_tb,"Spencer Horwitz tb OVER 0.5 [1-sided, ~8% juice est.]",0.5,-200,8.195669582591048,8.195669582591048,W,2026-06-15-score-rework,0.7086233624925771,0.7905800583184877,0.6266666666666666,0.0629350437388656,0.05,1.5,0.09537815573679703
2026-06-06,prop_tb,"Spencer Horwitz tb OVER 1.5 [1-sided, ~8% juice est.]",1.5,140,10.149280669735461,10.149280669735461,L,2026-06-15-score-rework,0.4781594733640213,0.5796522800613759,0.3766666666666667,0.14758273607365113,0.05,2.4,0.11526283444482455
2026-06-06,prop_runs,"Endy Rodríguez runs OVER 0.5 [1-sided, ~8% juice est.]",0.5,135,9.170191189608994,9.170191189608994,L,2026-06-15-score-rework,0.477233826789707,0.5689357386857969,0.38553191489361704,0.12149949295581142,0.05,2.35,0.1797127589623279
2026-06-06,prop_tb,"Brandon Lowe tb OVER 3.5 [1-sided, ~8% juice est.]",3.5,340,6.071699487805835,6.071699487805835,L,2026-06-15-score-rework,0.2479897221507856,0.30870671702884395,0.18727272727272726,0.0911547774634568,0.026810228665722583,4.4,0.08614621191630947
2026-06-06,prop_tb,"Ryan O'Hearn tb OVER 2.5 [1-sided, ~8% juice est.]",2.5,310,7.378724316478061,7.378724316478061,L,2026-06-15-score-rework,0.27768968218917084,0.3514769253539514,0.20390243902439023,0.1385276969756003,0.04468635386309688,4.1,0.0926535980052776
2026-06-06,prop_tb,"Oneil Cruz tb OVER 0.5 [1-sided, ~8% juice est.]",0.5,-159,10.438027437047026,10.438027437047026,L,2026-06-15-score-rework,0.6782798882700841,0.7826601626405544,0.5738996138996139,0.10487101296825013,0.05,1.6289308176100628,0.10080124071876187
2026-06-06,prop_tb,"Spencer Horwitz tb OVER 2.5 [1-sided, ~8% juice est.]",2.5,310,10.087313427894754,10.087313427894754,L,2026-06-15-score-rework,0.30477557330333777,0.4056487075822853,0.20390243902439023,0.2495798505436847,0.05,4.1,0.09787773401959822
2026-06-06,prop_rbi,"Dominic Smith rbi OVER 0.5 [1-sided, ~8% juice est.]",0.5,210,7.676562621681072,7.676562621681072,W,2026-06-15-score-rework,0.35934627137810105,0.43611189759491176,0.28258064516129033,0.11397344127211329,0.05,3.1,0.10760493426521564
2026-06-06,prop_hr,"Oneil Cruz hr OVER 0.5 [1-sided, ~8% juice est.]",0.5,375,4.5772181927950655,4.5772181927950655,L,2026-06-15-score-rework,0.21629849771742432,0.26207067964537495,0.17052631578947366,0.02741786415776548,0.007311430442070795,4.75,0.0697991435632198
2026-06-06,prop_hr,"Brandon Lowe hr OVER 0.5 [1-sided, ~8% juice est.]",0.5,390,7.515400681332332,7.515400681332332,L,2026-06-15-score-rework,0.23923563946638454,0.3143896462797079,0.16408163265306122,0.17225463338528435,0.04416785471417547,4.9,0.07494142527756083
2026-06-06,prop_rbi,"JJ Bleday rbi OVER 0.5 [1-sided, ~8% juice est.]",0.5,165,7.374872949809591,7.374872949809591,W,2026-06-15-score-rework,0.4111072200641337,0.4848559495622296,0.3373584905660378,0.0894341331699543,0.05,2.65,0.11315845764499842
2026-06-06,prop_tb,"Nelson Velázquez tb OVER 0.5 [1-sided, ~8% juice est.]",0.5,-189,10.175574206580173,10.175574206580173,L,2026-06-15-score-rework,0.715734980820127,0.8174907228859287,0.6139792387543253,0.0944307378678132,0.05,1.529100529100529,0.09398410072329888
2026-06-06,prop_tb,"José Fermín tb OVER 0.5 [1-sided, ~8% juice est.]",0.5,-145,8.170188090864261,8.170188090864261,W,2026-06-15-score-rework,0.6335386156025201,0.7152404965111627,0.5518367346938775,0.07046179877667197,0.05,1.6896551724137931,0.10724573650070501
2026-06-06,prop_tb,"José Fermín tb OVER 1.5 [1-sided, ~8% juice est.]",1.5,190,8.971192338831269,8.971192338831269,W,2026-06-15-score-rework,0.3945395095952093,0.48425143298352197,0.3048275862068966,0.14416457782610692,0.05,2.9,0.1103456038482966
2026-06-06,prop_tb,"JJ Bleday tb OVER 2.5 [1-sided, ~8% juice est.]",2.5,250,9.617012670644955,9.617012670644955,L,2026-06-15-score-rework,0.34188441242073525,0.43805453912718484,0.2457142857142857,0.1965954434725733,0.05,3.5,0.10393461329636078
2026-06-06,prop_pitcher_k,Nick Lodolo pitcher_k UNDER 4.5,4.5,105,14.77884606077629,14.77884606077629,W,2026-06-15-score-rework,0.6024625479580128,0.7502510085657756,0.4546740873502499,0.23504822331392616,0.05,2.05,0.3163914913551155
2026-06-06,prop_tb,"Nelson Velázquez tb OVER 1.5 [1-sided, ~8% juice est.]",1.5,125,10.652089493969624,10.652089493969624,L,2026-06-15-score-rework,0.5109653393841407,0.617486234323837,0.40444444444444444,0.1496720136143166,0.05,2.25,0.11542763815220874
2026-06-06,prop_tb,"Nelson Velázquez tb OVER 2.5 [1-sided, ~8% juice est.]",2.5,230,9.04240004569204,9.04240004569204,L,2026-06-15-score-rework,0.35345430348722345,0.44387830394414385,0.26303030303030306,0.16639920150783738,0.05,3.3,0.10556287896138009
2026-06-06,prop_tb,"Jordan Walker tb OVER 0.5 [1-sided, ~8% juice est.]",0.5,-278,8.377674325047446,8.377674325047446,W,2026-06-15-score-rework,0.7792264787002099,0.8630032219506845,0.6954497354497354,0.05952377319668828,0.05,1.3597122302158273,0.07946747487344877
2026-06-06,prop_tb,"Jordan Walker tb OVER 1.5 [1-sided, ~8% juice est.]",1.5,100,11.365183800388683,11.365183800388683,W,2026-06-15-score-rework,0.5736518380038869,0.6873036760077736,0.46,0.14730367600777372,0.05,2.0,0.11297738320926522
2026-06-06,prop_tb,"Jordan Walker tb OVER 2.5 [1-sided, ~8% juice est.]",2.5,200,11.278790035407738,11.278790035407738,W,2026-06-15-score-rework,0.4061212336874107,0.5189091340414881,0.29333333333333333,0.21836370106223213,0.05,3.0,0.1114120643521874
2026-06-06,prop_tb,"Jordan Walker tb OVER 3.5 [1-sided, ~8% juice est.]",3.5,280,7.67923900567277,7.67923900567277,W,2026-06-15-score-rework,0.2999502847935698,0.3767426748502975,0.22315789473684208,0.13981108221556515,0.049932529362701844,3.8,0.09699668430092624
2026-06-06,prop_tb,"JJ Bleday tb OVER 0.5 [1-sided, ~8% juice est.]",0.5,-189,9.979352218076198,9.979352218076198,W,2026-06-15-score-rework,0.7137727609350872,0.8135662831158491,0.6139792387543253,0.09143030640338734,0.05,1.529100529100529,0.09437341236940548
2026-06-06,prop_tb,"JJ Bleday tb OVER 1.5 [1-sided, ~8% juice est.]",1.5,130,10.852111381220208,10.852111381220208,L,2026-06-15-score-rework,0.5033037225078543,0.6118248363200564,0.3947826086956522,0.15759856176806475,0.05,2.3,0.11547813852448241
2026-06-06,prop_tb,"JJ Bleday tb OVER 3.5 [1-sided, ~8% juice est.]",3.5,360,6.252790630928004,6.252790630928004,L,2026-06-15-score-rework,0.2399192106571061,0.30244711696638615,0.17739130434782607,0.10362836902268802,0.028785658061857785,4.6,0.08423711934642661
2026-06-06,prop_hr,"Jordan Walker hr OVER 0.5 [1-sided, ~8% juice est.]",0.5,360,7.454159365927354,7.454159365927354,W,2026-06-15-score-rework,0.2519328980070996,0.3264744916663731,0.17739130434782607,0.15889133083265816,0.044136480786849494,4.6,0.07760172048095701
2026-06-06,prop_tb,"Willson Contreras tb OVER 0.5 [1-sided, ~8% juice est.]",0.5,-189,8.629105032592088,8.629105032592088,W,2026-06-15-score-rework,0.7002702890802461,0.7865613394061669,0.6139792387543253,0.0707836695459848,0.05,1.529100529100529,0.09695589557968416
2026-06-06,prop_tb,"Willson Contreras tb OVER 1.5 [1-sided, ~8% juice est.]",1.5,135,9.432974707260788,9.432974707260788,W,2026-06-15-score-rework,0.47986166196622493,0.5741914090388328,0.38553191489361704,0.12767490562062866,0.05,2.35,0.11529584228394023
2026-06-06,prop_hr,"Willson Contreras hr OVER 0.5 [1-sided, ~8% juice est.]",0.5,390,3.278768720548358,3.278768720548358,W,2026-06-15-score-rework,0.1968693198585448,0.2296570070640284,0.16408163265306122,-0.035340332693130305,0.0,4.9,0.06510437423768428
2026-06-06,prop_tb,"Willson Contreras tb OVER 2.5 [1-sided, ~8% juice est.]",2.5,250,7.7273755170465055,7.7273755170465055,W,2026-06-15-score-rework,0.32298804088475075,0.40026179605521583,0.2457142857142857,0.13045814309662762,0.05,3.5,0.10100933443072807
2026-06-06,prop_rbi,"Andy Pages rbi OVER 0.5 [1-sided, ~8% juice est.]",0.5,130,7.190409790728691,7.190409790728691,W,2026-06-15-score-rework,0.4666867066029391,0.538590804510226,0.3947826086956522,0.07337942518675988,0.05,2.3,0.11633315993746741
2026-06-06,prop_rbi,"Wade Meckler rbi OVER 0.5 [1-sided, ~8% juice est.]",0.5,285,10.037251497613479,10.037251497613479,L,2026-06-15-score-rework,0.3201127747163945,0.42048528969252924,0.2197402597402597,0.23243418265811888,0.05,3.85,0.10172684432875329
2026-06-06,prop_rbi,"Alex Call rbi OVER 0.5 [1-sided, ~8% juice est.]",0.5,190,8.073815300849018,8.073815300849018,L,2026-06-15-score-rework,0.3855657392153868,0.46630389222387697,0.3048275862068966,0.11814064372462174,0.05,2.9,0.1107310825115375
2026-06-06,prop_tb,"Oswald Peraza tb OVER 0.5 [1-sided, ~8% juice est.]",0.5,-125,7.698738960928675,7.698738960928675,W,2026-06-15-score-rework,0.5925429451648423,0.669530334774129,0.5155555555555555,0.06657730129671613,0.05,1.8,0.11152709763988064
2026-06-06,prop_tb,"Wade Meckler tb OVER 1.5 [1-sided, ~8% juice est.]",1.5,200,9.407614842063527,9.407614842063527,L,2026-06-15-score-rework,0.3874094817539686,0.4814856301746039,0.29333333333333333,0.16222844526190583,0.05,3.0,0.10962743253686356
2026-06-06,prop_tb,"Oswald Peraza tb OVER 1.5 [1-sided, ~8% juice est.]",1.5,225,8.242563425016119,8.242563425016119,W,2026-06-15-score-rework,0.3501179419424689,0.43254357619263006,0.26769230769230773,0.137883311313024,0.05,3.25,0.105106032044894
2026-06-06,prop_tb,"Wade Meckler tb OVER 0.5 [1-sided, ~8% juice est.]",0.5,-145,8.052508630894838,8.052508630894838,W,2026-06-15-score-rework,0.6323618210028259,0.7128869073117743,0.5518367346938775,0.06847342169442999,0.05,1.6896551724137931,0.1073902799599248
2026-06-06,prop_tb,"Jared Young tb OVER 1.5 [1-sided, ~8% juice est.]",1.5,175,10.088435935799438,10.088435935799438,L,2026-06-15-score-rework,0.42452072299435806,0.5254050823523525,0.32363636363636367,0.16743198823448469,0.05,2.75,0.11285149360122745
2026-06-06,prop_tb,"Juan Soto tb OVER 2.5 [1-sided, ~8% juice est.]",2.5,225,6.305345132302226,6.305345132302226,L,2026-06-15-score-rework,0.33074575901533,0.39379921033835225,0.26769230769230773,0.07492371679982246,0.03329942968880998,3.25,0.10225019454159161
2026-06-06,prop_tb,"Jared Young tb OVER 0.5 [1-sided, ~8% juice est.]",0.5,-141,10.202071612472363,10.202071612472363,L,2026-06-15-score-rework,0.647082956788624,0.7491036729133476,0.5450622406639004,0.10600703961743552,0.05,1.7092198581560285,0.10549000675972428
2026-06-06,prop_hr,"Juan Soto hr OVER 0.5 [1-sided, ~8% juice est.]",0.5,350,3.693139503682477,3.693139503682477,L,2026-06-15-score-rework,0.21915361725904697,0.2560850122958717,0.1822222222222222,-0.013808722334288648,0.0,4.5,0.07046284230261307
2026-06-06,prop_pitcher_k,Griffin Canning pitcher_k UNDER 4.5,4.5,-125,7.317402996964118,7.317402996964118,L,2026-06-15-score-rework,0.59347859849756,0.6666526284672012,0.5203045685279188,0.06826147729560805,0.05,1.8,0.31871695543960354
2026-06-06,prop_tb,"Ty France tb OVER 1.5 [1-sided, ~8% juice est.]",1.5,155,6.298155813695022,6.298155813695022,L,2026-06-15-score-rework,0.4151384208820483,0.4781199790189985,0.35215686274509805,0.058602973249223034,0.037808369838208414,2.55,0.11215657755789528
2026-06-06,prop_tb,"Ty France tb OVER 2.5 [1-sided, ~8% juice est.]",2.5,350,6.416915777273894,6.416915777273894,L,2026-06-15-score-rework,0.24639137999496113,0.31056053776770004,0.1822222222222222,0.10876120997732508,0.03107463142209288,4.5,0.08577290006407762
2026-06-06,prop_tb,"Juan Soto tb OVER 0.5 [1-sided, ~8% juice est.]",0.5,-200,7.7497748907681245,7.7497748907681245,L,2026-06-15-score-rework,0.7041644155743478,0.7816621644820292,0.6266666666666666,0.05624662336152175,0.05,1.5,0.09622838854511276
2026-06-06,prop_tb,"Juan Soto tb OVER 1.5 [1-sided, ~8% juice est.]",1.5,130,8.640699420351167,8.640699420351167,L,2026-06-15-score-rework,0.48118960289916385,0.5675965971026755,0.3947826086956522,0.10673608666807666,0.05,2.3,0.11531973419246558
2026-06-06,prop_tb,"Jared Young tb OVER 2.5 [1-sided, ~8% juice est.]",2.5,310,7.481736835596095,7.481736835596095,L,2026-06-15-score-rework,0.2787198073803512,0.3535371757363121,0.20390243902439023,0.1427512102594397,0.04604877750304507,4.1,0.0928646798988525
2026-06-06,prop_pitcher_k,Tanner Bibee pitcher_k UNDER 4.5,4.5,120,10.356731444418942,10.356731444418942,W,2026-06-15-score-rework,0.5289943840893931,0.6325616985335826,0.4254270696452037,0.16378764499666498,0.05,2.2,0.32914998407132623
2026-06-06,prop_tb,"Josh Jung tb OVER 1.5 [1-sided, ~8% juice est.]",1.5,140,8.492306783314984,8.492306783314984,L,2026-06-15-score-rework,0.46158973449981655,0.5465128023329664,0.3766666666666667,0.10781536279955972,0.05,2.4,0.11480166858169506
2026-06-06,prop_tb,"Josh Jung tb OVER 2.5 [1-sided, ~8% juice est.]",2.5,310,8.477286235633056,8.477286235633056,L,2026-06-15-score-rework,0.2886753013807208,0.37344816373705136,0.20390243902439023,0.18356873566095522,0.05,4.1,0.09485412961775337
2026-06-06,prop_tb,"Evan Carter tb OVER 0.5 [1-sided, ~8% juice est.]",0.5,-110,7.020541427217281,7.020541427217281,L,2026-06-15-score-rework,0.5540149380816967,0.6242203523538694,0.48380952380952386,0.05766488179232998,0.05,1.9090909090909092,0.1141354391668383
2026-06-06,prop_tb,"Joc Pederson tb OVER 0.5 [1-sided, ~8% juice est.]",0.5,-159,7.414875813758459,7.414875813758459,L,2026-06-15-score-rework,0.6480483720371985,0.722197130174783,0.5738996138996139,0.055625964513423776,0.05,1.6289308176100628,0.10535839090930385
2026-06-06,prop_tb,"Josh Jung tb OVER 0.5 [1-sided, ~8% juice est.]",0.5,-213,6.257329061098494,6.257329061098494,W,2026-06-15-score-rework,0.703084472719611,0.765657763330596,0.6405111821086261,0.03317107963022664,0.05,1.4694835680751175,0.09643154910905237
2026-06-10,prop_tb,"Adolis García tb OVER 0.5 [1-sided, ~8% juice est.]",0.5,-130,8.057527280639764,8.057527280639764,L,2026-06-15-score-rework,0.6057926641107454,0.686367936917143,0.5252173913043477,0.07178702111901103,0.05,1.7692307692307692,0.10784017986825949
2026-06-10,prop_hr,"Kyle Schwarber hr OVER 0.5 [1-sided, ~8% juice est.]",0.5,165,3.554591403676949,3.554591403676949,W,2026-06-15-score-rework,0.37290440460280727,0.4084503186395768,0.3373584905660378,-0.01180332780256077,0.0,2.65,0.09396518739926027
2026-06-10,prop_tb,"Brandon Marsh tb OVER 0.5 [1-sided, ~8% juice est.]",0.5,-233,10.872691506949039,10.872691506949039,L,2026-06-15-score-rework,0.76842661476919,0.8771535298386806,0.6596996996996997,0.09822344514223302,0.05,1.4291845493562232,0.08035685565210345
2026-06-10,prop_tb,"Brandon Marsh tb OVER 1.5 [1-sided, ~8% juice est.]",1.5,125,15.308939521823145,15.308939521823145,L,2026-06-15-score-rework,0.5575338396626759,0.7106232348809073,0.40444444444444444,0.2544511392410207,0.05,2.25,0.11139948561535765
2026-06-10,prop_tb,"Brandon Marsh tb OVER 2.5 [1-sided, ~8% juice est.]",2.5,265,15.559976960569285,15.559976960569285,L,2026-06-15-score-rework,0.38957237234541886,0.5451721419511117,0.233972602739726,0.4219391590607787,0.05,3.65,0.10738762143381617
2026-06-10,prop_tb,"Brandon Marsh tb OVER 3.5 [1-sided, ~8% juice est.]",3.5,390,11.886099876699744,11.886099876699744,L,2026-06-15-score-rework,0.28294263142005865,0.4018036301870561,0.16408163265306122,0.38641889395828755,0.05,4.9,0.09161871220271092
2026-06-10,prop_tb,"Adolis García tb OVER 1.5 [1-sided, ~8% juice est.]",1.5,185,6.997335428166634,6.997335428166634,L,2026-06-15-score-rework,0.3808505472641225,0.4508239015457889,0.31087719298245614,0.08542405970274913,0.04617516740689142,2.85,0.1064834145838301
2026-06-10,prop_tb,"Alec Bohm tb OVER 0.5 [1-sided, ~8% juice est.]",0.5,-213,6.251505519278455,6.251505519278455,W,2026-06-15-score-rework,0.7030262373014107,0.7655412924941952,0.6405111821086261,0.03308550364010121,0.05,1.4694835680751175,0.09428041960824589
2026-06-10,prop_tb,"Alec Bohm tb OVER 1.5 [1-sided, ~8% juice est.]",1.5,140,8.472171401092021,8.472171401092021,W,2026-06-15-score-rework,0.4613883806775869,0.5461100946885071,0.3766666666666667,0.10733211362620854,0.05,2.4,0.11222103327748605
2026-06-10,prop_tb,"Alec Bohm tb OVER 2.5 [1-sided, ~8% juice est.]",2.5,310,8.444653925964953,8.444653925964953,W,2026-06-15-score-rework,0.28834897828403977,0.3727955175436893,0.20390243902439023,0.18223081096456306,0.05,4.1,0.09266535329344623
2026-06-10,prop_tb,"Bryce Harper tb OVER 0.5 [1-sided, ~8% juice est.]",0.5,-250,7.982373674652809,7.982373674652809,W,2026-06-15-score-rework,0.7541094510322424,0.8339331877787703,0.6742857142857143,0.05575323144513922,0.05,1.4,0.08373520964876859
2026-06-10,prop_tb,"Bryce Harper tb OVER 1.5 [1-sided, ~8% juice est.]",1.5,105,9.688066657953904,9.688066657953904,W,2026-06-15-score-rework,0.5446855446283195,0.6415662112078586,0.4478048780487805,0.11660536648805497,0.05,2.05,0.1119925620296351
2026-06-10,prop_tb,"Bryce Harper tb OVER 2.5 [1-sided, ~8% juice est.]",2.5,215,9.56819152375949,9.56819152375949,W,2026-06-15-score-rework,0.37314223269791236,0.46882414793550725,0.27746031746031746,0.17539803299842394,0.05,3.15,0.10562708849698041
2026-06-10,prop_tb,"Bryce Harper tb OVER 3.5 [1-sided, ~8% juice est.]",3.5,310,6.297995646212459,6.297995646212459,W,2026-06-15-score-rework,0.2668823954865148,0.3298623519486394,0.20390243902439023,0.0942178214947107,0.030392845643455065,4.1,0.0883538477150212
2026-06-10,prop_tb,"Kyle Schwarber tb OVER 0.5 [1-sided, ~8% juice est.]",0.5,-233,11.26321744657951,11.26321744657951,W,2026-06-15-score-rework,0.7723318741654948,0.88496404863129,0.6596996996996997,0.10380478153265987,0.05,1.4291845493562232,0.07940321419296469
2026-06-10,prop_tb,"Kyle Schwarber tb OVER 1.5 [1-sided, ~8% juice est.]",1.5,-115,11.458070349432342,11.458070349432342,W,2026-06-15-score-rework,0.609464424424556,0.7240451279188793,0.49488372093023253,0.13943348914156106,0.05,1.8695652173913042,0.10748326579135356
2026-06-10,prop_tb,"Kyle Schwarber tb OVER 2.5 [1-sided, ~8% juice est.]",2.5,130,8.300023893699837,8.300023893699837,W,2026-06-15-score-rework,0.47778284763265055,0.5607830865696489,0.3947826086956522,0.0989005495550962,0.05,2.3,0.11267137090895837
2026-06-10,prop_tb,"Kyle Schwarber tb OVER 4.5 [1-sided, ~8% juice est.]",4.5,360,6.134314192982113,6.134314192982113,W,2026-06-15-score-rework,0.2387344462776472,0.3000775882074683,0.17739130434782607,0.09817845287717697,0.027271792465882495,4.6,0.08206975884818891
2026-06-10,prop_pitcher_k,Jesús Luzardo pitcher_k UNDER 5.5,5.5,-110,10.469354214351156,10.469354214351156,L,2026-06-15-score-rework,0.5945720846536331,0.6992656267971447,0.48987854251012153,0.1350921616114814,0.05,1.9090909090909092,0.31755004586699564
2026-06-10,prop_pitcher_k,Ryne Nelson pitcher_k UNDER 4.5,4.5,-125,12.604963193004703,12.604963193004703,W,2026-06-15-score-rework,0.6463542004579659,0.772403832388013,0.5203045685279188,0.16343756082433858,0.05,1.8,0.3011154892361171
2026-06-10,prop_tb,"JJ Bleday tb OVER 0.5 [1-sided, ~8% juice est.]",0.5,-145,8.139537057881574,8.139537057881574,W,2026-06-15-score-rework,0.6332321052726932,0.7146274758515091,0.5518367346938775,0.06994390201248174,0.05,1.6896551724137931,0.10487841851583174
2026-06-10,prop_tb,"JJ Bleday tb OVER 1.5 [1-sided, ~8% juice est.]",1.5,165,7.294842983803679,7.294842983803679,W,2026-06-15-score-rework,0.41030692040407457,0.4832553502421114,0.3373584905660378,0.08731333907079752,0.05,2.65,0.10926140098231413
2026-06-10,prop_tb,"Gavin Sheets tb OVER 0.5 [1-sided, ~8% juice est.]",0.5,-169,9.431005581359075,9.431005581359075,W,2026-06-15-score-rework,0.68256284391768,0.7768728997312707,0.5882527881040892,0.08644618351394023,0.05,1.5917159763313609,0.09784357097679526
2026-06-10,prop_tb,"Gavin Sheets tb OVER 1.5 [1-sided, ~8% juice est.]",1.5,145,9.640230510738995,9.640230510738995,W,2026-06-15-score-rework,0.46456557041351243,0.5609678755209024,0.3681632653061225,0.13818564751310558,0.05,2.45,0.11232727055486404
2026-06-10,prop_tb,"Gavin Sheets tb OVER 2.5 [1-sided, ~8% juice est.]",2.5,290,8.533749327608927,8.533749327608927,L,2026-06-15-score-rework,0.30174774968634566,0.38708524296243496,0.21641025641025638,0.176816223776748,0.05,3.9,0.09514550504443937
2026-06-10,prop_tb,"Manny Machado tb OVER 1.5 [1-sided, ~8% juice est.]",1.5,145,6.296894417070914,6.296894417070914,W,2026-06-15-score-rework,0.4311322094768316,0.4941011536475408,0.3681632653061225,0.05627391321823749,0.038809595322922406,2.45,0.11075254280298298
2026-06-10,prop_pitcher_k,Michael King pitcher_k UNDER 5.5,5.5,105,12.951205091517265,12.951205091517265,W,2026-06-15-score-rework,0.5841861382654225,0.7136981891805951,0.4546740873502499,0.19758158344411614,0.05,2.05,0.31999576241157335
2026-06-10,prop_pitcher_k,Brady Singer pitcher_k UNDER 4.5,4.5,-145,8.20600392259615,8.20600392259615,L,2026-06-15-score-rework,0.6362001666144965,0.7182602058404579,0.554140127388535,0.07495890221070106,0.05,1.6896551724137931,0.3048949918235269
2026-06-10,prop_rbi,"Ezequiel Duran rbi OVER 0.5 [1-sided, ~8% juice est.]",0.5,175,7.796842448998959,7.796842448998959,L,2026-06-15-score-rework,0.40160478812635325,0.4795732126163429,0.32363636363636367,0.10441316734747141,0.05,2.75,0.08233558999748676
2026-06-10,prop_tb,"Hunter Goodman tb OVER 1.5 [1-sided, ~8% juice est.]",1.5,-130,8.51462473691691,8.51462473691691,W,2026-06-15-score-rework,0.6103636386735168,0.6955098860426859,0.5252173913043477,0.07987412996083743,0.05,1.7692307692307692,0.10739400140881385
2026-06-10,prop_tb,"Hunter Goodman tb OVER 0.5 [1-sided, ~8% juice est.]",0.5,-303,7.813464238276813,7.813464238276813,W,2026-06-15-score-rework,0.7899956845663909,0.868130326949159,0.7118610421836228,0.0507203329381371,0.05,1.33003300330033,0.07491776796895648
2026-06-10,prop_tb,"Hunter Goodman tb OVER 2.5 [1-sided, ~8% juice est.]",2.5,125,6.173293804682428,6.173293804682428,L,2026-06-15-score-rework,0.4661773824912687,0.5279103205380931,0.40444444444444444,0.04889911060535468,0.03911928848428374,2.25,0.1123776798085988
2026-06-10,prop_tb,"Braxton Fulford tb OVER 0.5 [1-sided, ~8% juice est.]",0.5,-149,7.931153257336776,7.931153257336776,L,2026-06-15-score-rework,0.6377051068705565,0.7170166394439242,0.5583935742971887,0.06569511148166818,0.05,1.6711409395973154,0.10433115108528111
2026-06-10,prop_tb,"Braxton Fulford tb OVER 1.5 [1-sided, ~8% juice est.]",1.5,160,7.072880835690065,7.072880835690065,L,2026-06-15-score-rework,0.4153441929722853,0.48607300132918596,0.34461538461538466,0.07989490172794189,0.04993431357996368,2.6,0.10965799533100655
2026-06-10,prop_tb,"Troy Johnston tb OVER 1.5 [1-sided, ~8% juice est.]",1.5,135,6.134770930418254,6.134770930418254,L,2026-06-15-score-rework,0.4468796241977996,0.5082273335019821,0.38553191489361704,0.05016711686482911,0.03716082730728082,2.35,0.11162002158317968
2026-06-10,prop_tb,"Troy Johnston tb OVER 2.5 [1-sided, ~8% juice est.]",2.5,290,6.049012879499119,6.049012879499119,L,2026-06-15-score-rework,0.27690038520524757,0.3373905140002388,0.21641025641025638,0.07991150230046551,0.027555690448436383,3.9,0.09041772630820445
2026-06-10,prop_hr,"Hunter Goodman hr OVER 0.5 [1-sided, ~8% juice est.]",0.5,200,4.058125946804402,4.058125946804402,L,2026-06-15-score-rework,0.33391459280137736,0.37449585226942145,0.29333333333333333,0.0017437784041320903,0.0008718892020660451,3.0,0.08937190988360148
2026-06-10,prop_hr,"Ian Happ hr OVER 0.5 [1-sided, ~8% juice est.]",0.5,320,3.2640087343783457,3.2640087343783457,W,2026-06-15-score-rework,0.23073532543902153,0.263375412782805,0.19809523809523807,-0.030911633156109564,0.0,4.2,0.07132234275818086
2026-06-10,prop_pitcher_k,Shota Imanaga pitcher_k UNDER 5.5,5.5,-145,10.52119278024084,10.52119278024084,L,2026-06-15-score-rework,0.6593520551909434,0.7645639829933518,0.554140127388535,0.11407761049504234,0.05,1.6896551724137931,0.2958810517069308
2026-06-11,prop_tb,"Esteury Ruiz tb OVER 0.5 [1-sided, ~8% juice est.]",0.5,-120,10.598075186582022,10.598075186582022,L,2026-06-15-score-rework,0.6114352973203656,0.7174160491861857,0.5054545454545454,0.1209647117540037,0.05,1.8333333333333335,0.10728666481172056
2026-06-11,prop_tb,"Otto Lopez tb OVER 2.5 [1-sided, ~8% juice est.]",2.5,230,6.25106164405731,6.25106164405731,L,2026-06-15-score-rework,0.32554091947087616,0.3880515359114493,0.26303030303030306,0.07428503425389121,0.032297840979952704,3.3,0.09915008336045977
2026-06-11,prop_tb,"Esteury Ruiz tb OVER 1.5 [1-sided, ~8% juice est.]",1.5,215,10.454245957415658,10.454245957415658,L,2026-06-15-score-rework,0.38200277703447405,0.48654523660863064,0.27746031746031746,0.2033087476585932,0.05,3.15,0.10660680687400505
2026-06-11,prop_runs,"Xavier Edwards runs OVER 0.5 [1-sided, ~8% juice est.]",0.5,105,7.486459391357031,7.486459391357031,L,2026-06-15-score-rework,0.5226694719623508,0.5975340658759212,0.4478048780487805,0.07147241752281908,0.05,2.05,0.13457601127932184
2026-06-11,prop_pitcher_k,Merrill Kelly pitcher_k UNDER 4.5,4.5,-159,12.707543248838116,12.707543248838116,W,2026-06-15-score-rework,0.7016483628431776,0.8287237953315587,0.5745729303547964,0.14293664136089917,0.05,1.6289308176100628,0.2757667862423367
2026-06-11,prop_tb,"Dominic Canzone tb OVER 0.5 [1-sided, ~8% juice est.]",0.5,-179,7.3589415833778755,7.3589415833778755,W,2026-06-15-score-rework,0.6751664767656783,0.7487558925994571,0.6015770609318996,0.05235445261242605,0.05,1.558659217877095,0.09903839759929718
2026-06-11,prop_tb,"Colt Emerson tb OVER 0.5 [1-sided, ~8% juice est.]",0.5,-169,6.408893315513675,6.408893315513675,L,2026-06-15-score-rework,0.652341721259226,0.7164306544143626,0.5882527881040892,0.03834273975580932,0.05,1.5917159763313609,0.10241406928849531
2026-06-11,prop_tb,"Luke Raley tb OVER 0.5 [1-sided, ~8% juice est.]",0.5,-145,8.096106026262085,8.096106026262085,W,2026-06-15-score-rework,0.6327977949564983,0.7137588552191192,0.5518367346938775,0.06921006734029034,0.05,1.6896551724137931,0.10493059351954291
2026-06-11,prop_tb,"Luke Raley tb OVER 1.5 [1-sided, ~8% juice est.]",1.5,155,6.5038550549686045,6.5038550549686045,W,2026-06-15-score-rework,0.4171954132947841,0.48223396384447015,0.35215686274509805,0.06384830390169949,0.04119245413012871,2.55,0.10979798697348568
2026-06-11,prop_tb,"Dominic Canzone tb OVER 1.5 [1-sided, ~8% juice est.]",1.5,135,6.958889436966665,6.958889436966665,W,2026-06-15-score-rework,0.4551208092632837,0.5247097036329503,0.38553191489361704,0.06953390176871665,0.05,2.35,0.11198472993885908
2026-06-11,prop_tb,"Colt Emerson tb OVER 1.5 [1-sided, ~8% juice est.]",1.5,155,6.661196446831208,6.661196446831208,L,2026-06-15-score-rework,0.41876882721341013,0.4853807916817222,0.35215686274509805,0.06786050939419574,0.043780973802706936,2.55,0.10991453727817097
2026-06-11,prop_rbi,"Nick Loftin rbi OVER 0.5 [1-sided, ~8% juice est.]",0.5,230,8.18809356414507,8.18809356414507,L,2026-06-15-score-rework,0.3449112386717538,0.42679217431320443,0.26303030303030306,0.13820708761678735,0.05,3.3,0.07741196731355765
2026-06-11,prop_tb,"Elias Díaz tb OVER 0.5 [1-sided, ~8% juice est.]",0.5,-149,7.501853584697937,7.501853584697937,W,2026-06-15-score-rework,0.6334121101441681,0.7084306459911475,0.5583935742971887,0.058520908898643254,0.05,1.6711409395973154,0.10485674405430244
2026-06-11,prop_tb,"Elias Díaz tb OVER 1.5 [1-sided, ~8% juice est.]",1.5,170,7.281658799880414,7.281658799880414,W,2026-06-15-score-rework,0.4031869583691745,0.47600354636797865,0.33037037037037037,0.08860478759677126,0.05,2.7,0.10866174432463231
2026-06-11,prop_tb,"Elias Díaz tb OVER 2.5 [1-sided, ~8% juice est.]",2.5,340,6.056592060913246,6.056592060913246,L,2026-06-15-score-rework,0.24783864788185972,0.3084045684909922,0.18727272727272726,0.0904900506801829,0.026614720788289085,4.4,0.08418058459013233
2026-06-11,prop_tb,"Hunter Goodman tb OVER 0.5 [1-sided, ~8% juice est.]",0.5,-244,6.328635184521659,6.328635184521659,L,2026-06-15-score-rework,0.7325886774266119,0.7958750292718285,0.6693023255813954,0.03282993866702666,0.05,1.4098360655737705,0.0884650822890902
2026-06-11,prop_tb,"Hunter Goodman tb OVER 1.5 [1-sided, ~8% juice est.]",1.5,100,6.3340649515157885,6.3340649515157885,L,2026-06-15-score-rework,0.5233406495151579,0.5866812990303159,0.46,0.046681299030315815,0.046681299030315815,2.0,0.11264825736034628
2026-06-13,prop_tb,"Alex Jackson tb OVER 0.5 [1-sided, ~8% juice est.]",0.5,-110,6.680603143528568,6.680603143528568,L,2026-06-15-score-rework,0.5506155552448095,0.6174215866800953,0.48380952380952386,0.05117515092190916,0.05,1.9090909090909092,0.11173735932336289
2026-06-13,prop_tb,"Ryan Kreidler tb OVER 1.5 [1-sided, ~8% juice est.]",1.5,210,6.894674354614871,6.894674354614871,L,2026-06-15-score-rework,0.35152738870743905,0.4204741322535877,0.28258064516129033,0.08973490499306103,0.04273090713955287,3.1,0.10293965250664887
2026-06-13,prop_runs,"David Fry runs OVER 0.5 [1-sided, ~8% juice est.]",0.5,200,8.005109266193738,8.005109266193738,L,2026-06-15-score-rework,0.3733844259952707,0.4534355186572081,0.29333333333333333,0.12015327798581221,0.05,3.0,0.1262056188261008
2026-06-13,prop_tb,"Willson Contreras tb OVER 0.5 [1-sided, ~8% juice est.]",0.5,-169,7.227178306825344,7.227178306825344,W,2026-06-15-score-rework,0.6605245711723426,0.732796354240596,0.5882527881040892,0.051367512694438844,0.05,1.5917159763313609,0.10125796968296216
2026-06-13,prop_tb,"Willson Contreras tb OVER 1.5 [1-sided, ~8% juice est.]",1.5,140,6.416439498352711,6.416439498352711,W,2026-06-15-score-rework,0.4408310616501938,0.5049954566337209,0.3766666666666667,0.057994547960465104,0.04142467711461793,2.4,0.11131331542432026
2026-06-13,prop_tb,"Brice Turang tb OVER 1.5 [1-sided, ~8% juice est.]",1.5,150,6.029831768097199,6.029831768097199,L,2026-06-15-score-rework,0.42029831768097203,0.480596635361944,0.36000000000000004,0.05074579420243008,0.03383052946828672,2.5,0.11002569083965325
2026-06-13,prop_pitcher_k,Kyle Freeland pitcher_k UNDER 4.5,4.5,-120,7.817453042312438,7.817453042312438,W,2026-06-15-score-rework,0.588295987913003,0.6664705183361272,0.5101214574898786,0.07854264450717219,0.05,1.8333333333333335,0.3190619405269194
2026-06-14,prop_rbi,"Samad Taylor rbi OVER 0.5 [1-sided, ~8% juice est.]",0.5,215,7.1276266060713525,7.1276266060713525,L,2026-06-15-score-rework,0.348736583521031,0.42001284958174445,0.27746031746031746,0.09852023809124755,0.04582336655406863,3.15,0.07781347343807118
2026-06-14,prop_pitcher_k,Trevor Rogers pitcher_k UNDER 4.5,4.5,-125,8.360789120604228,8.360789120604228,W,2026-06-15-score-rework,0.6039124597339611,0.6875203509400035,0.5203045685279188,0.08704242752113006,0.05,1.8,0.31510782449399505
2026-06-14,prop_pitcher_k,Andrew Abbott pitcher_k UNDER 3.5,3.5,120,7.469566613995415,7.469566613995415,L,2026-06-15-score-rework,0.5001227357851579,0.5748184019251119,0.4254270696452037,0.10027001872734742,0.05,2.2,0.32933205105218344
2026-06-14,prop_tb,"Blake Dunn tb OVER 2.5 [1-sided, ~8% juice est.]",2.5,310,6.439645004454567,6.439645004454567,L,2026-06-15-score-rework,0.2682988890689359,0.33269533911348154,0.20390243902439023,0.10002544518263712,0.03226627263956036,4.1,0.08865117181241802
2026-06-14,prop_tb,"Matt McLain tb OVER 0.5 [1-sided, ~8% juice est.]",0.5,-149,6.428560157869645,6.428560157869645,W,2026-06-15-score-rework,0.6226791758758852,0.6869647774545815,0.5583935742971887,0.04058466304090874,0.05,1.6711409395973154,0.10609795375858405
2026-06-14,prop_tb,"Jordan Lawlar tb OVER 2.5 [1-sided, ~8% juice est.]",2.5,290,6.569598606096447,6.569598606096447,L,2026-06-15-score-rework,0.28210624247122085,0.34780222853218534,0.21641025641025638,0.10021434563776133,0.03455667090957287,3.9,0.0914544337373273
2026-06-14,prop_tb,"Nathaniel Lowe tb OVER 0.5 [1-sided, ~8% juice est.]",0.5,-204,7.814366624700819,7.814366624700819,W,2026-06-15-score-rework,0.7091962978259555,0.7873399640729637,0.6310526315789473,0.05684154185828666,0.05,1.4901960784313726,0.09313186130497528
2026-06-14,prop_tb,"Nathaniel Lowe tb OVER 1.5 [1-sided, ~8% juice est.]",1.5,120,8.022912155304068,8.022912155304068,W,2026-06-15-score-rework,0.49477457609849523,0.5750036976515359,0.41454545454545455,0.08850406741668959,0.05,2.2,0.11288193985865116
2026-06-14,prop_tb,"Nathaniel Lowe tb OVER 2.5 [1-sided, ~8% juice est.]",2.5,235,7.114590471718785,7.114590471718785,L,2026-06-15-score-rework,0.329653367403755,0.40079927212094285,0.25850746268656716,0.10433878080257919,0.04439948119258689,3.35,0.09979041764796347
2026-06-14,prop_tb,"JJ Bleday tb OVER 0.5 [1-sided, ~8% juice est.]",0.5,-213,7.716804548850986,7.716804548850986,W,2026-06-15-score-rework,0.717679227597136,0.7948472730856457,0.6405111821086261,0.05461783210283372,0.05,1.4694835680751175,0.09149663065441119
2026-06-14,prop_tb,"JJ Bleday tb OVER 1.5 [1-sided, ~8% juice est.]",1.5,105,6.872942973174384,6.872942973174384,W,2026-06-15-score-rework,0.5165343077805243,0.5852637375122681,0.4478048780487805,0.05889533095007482,0.05,2.05,0.11277081654785277
2026-06-14,prop_tb,"Blake Dunn tb OVER 0.5 [1-sided, ~8% juice est.]",0.5,-185,6.1050201590346465,6.1050201590346465,L,2026-06-15-score-rework,0.6701730086078903,0.7312232101982367,0.6091228070175438,0.03242868893647971,0.05,1.5405405405405406,0.0998171159589285
2026-06-14,prop_tb,"Blake Dunn tb OVER 1.5 [1-sided, ~8% juice est.]",1.5,150,7.154206753128084,7.154206753128084,L,2026-06-15-score-rework,0.4315420675312809,0.5030841350625618,0.36000000000000004,0.0788551688282022,0.05,2.5,0.11077795939162544
2026-06-14,prop_tb,"Matt McLain tb OVER 1.5 [1-sided, ~8% juice est.]",1.5,175,6.392797332924865,6.392797332924865,L,2026-06-15-score-rework,0.3875643369656123,0.4514923102948609,0.32363636363636367,0.06580192665543394,0.03760110094596225,2.75,0.10718553284511441
2026-06-14,prop_tb,"Jordan Lawlar tb OVER 0.5 [1-sided, ~8% juice est.]",0.5,-169,7.8178604960219005,7.8178604960219005,L,2026-06-15-score-rework,0.6664313930643082,0.7446099980245272,0.5882527881040892,0.06076949546922428,0.05,1.5917159763313609,0.10038585212187053
2026-06-14,prop_tb,"Jordan Lawlar tb OVER 1.5 [1-sided, ~8% juice est.]",1.5,150,7.976537379304599,7.976537379304599,L,2026-06-15-score-rework,0.43976537379304603,0.5195307475860921,0.36000000000000004,0.09941343448261508,0.05,2.5,0.11125585362765238
2026-06-14,prop_tb,"Spencer Torkelson tb OVER 1.5 [1-sided, ~8% juice est.]",1.5,200,6.400951597278215,6.400951597278215,L,2026-06-15-score-rework,0.3573428493061155,0.4213523652788976,0.29333333333333333,0.07202854791834645,0.036014273959173226,3.0,0.10370419673601032
2026-06-14,prop_tb,"Spencer Torkelson tb OVER 0.5 [1-sided, ~8% juice est.]",0.5,-120,7.698471334253942,7.698471334253942,L,2026-06-15-score-rework,0.5824392587970848,0.6594239721396243,0.5054545454545454,0.06780530779465554,0.05,1.8333333333333335,0.10982524786377952
2026-06-14,prop_tb,"Brandon Marsh tb OVER 1.5 [1-sided, ~8% juice est.]",1.5,200,10.542474639649175,10.542474639649175,L,2026-06-15-score-rework,0.3987580797298251,0.5041828261263168,0.29333333333333333,0.19627423918947529,0.05,3.0,0.10826563834467937
2026-06-14,prop_tb,"Kyle Schwarber tb OVER 0.5 [1-sided, ~8% juice est.]",0.5,-164,6.608846975235549,6.608846975235549,W,2026-06-15-score-rework,0.6473005909644767,0.7133890607168323,0.5812121212121212,0.041996073259889355,0.05,1.6097560975609757,0.10309619269767702
2026-06-14,prop_tb,"Derek Hill tb OVER 1.5 [1-sided, ~8% juice est.]",1.5,310,6.802561625146583,6.802561625146583,L,2026-06-15-score-rework,0.27192805527585606,0.33995367152732187,0.20390243902439023,0.11490502663100977,0.03706613762290638,4.1,0.08940467009451074
2026-06-14,prop_tb,"Brandon Marsh tb OVER 0.5 [1-sided, ~8% juice est.]",0.5,-149,8.686724765889043,8.686724765889043,L,2026-06-15-score-rework,0.6452608219560791,0.7321280696149696,0.5583935742971887,0.0783217762890181,0.05,1.6711409395973154,0.10336567479919026
2026-06-14,prop_tb,"Derek Hill tb OVER 0.5 [1-sided, ~8% juice est.]",0.5,125,7.82144236758307,7.82144236758307,W,2026-06-15-score-rework,0.48265886812027514,0.5608732917961059,0.40444444444444444,0.08598245327061904,0.05,2.25,0.11275847425934611
2026-06-14,prop_tb,"Willson Contreras tb OVER 0.5 [1-sided, ~8% juice est.]",0.5,-233,6.530656379709942,6.530656379709942,W,2026-06-15-score-rework,0.7250062634967991,0.7903128272938986,0.6596996996996997,0.036167749976111996,0.05,1.4291845493562232,0.09003190766009987
2026-06-14,prop_tb,"Willson Contreras tb OVER 1.5 [1-sided, ~8% juice est.]",1.5,110,7.142821692079187,7.142821692079187,W,2026-06-15-score-rework,0.5076186931112681,0.57904691003206,0.4361904761904762,0.06599925553366293,0.05,2.1,0.11286805863668922
2026-06-14,prop_tb,"Willson Contreras tb OVER 2.5 [1-sided, ~8% juice est.]",2.5,215,6.366439880611447,6.366439880611447,W,2026-06-15-score-rework,0.3411247162664319,0.40478911507254633,0.27746031746031746,0.07454285623926049,0.03467109592523744,3.15,0.1014958524368862
2026-06-14,prop_tb,"Drew Gilbert tb OVER 1.5 [1-sided, ~8% juice est.]",1.5,225,6.316950503515684,6.316950503515684,W,2026-06-15-score-rework,0.33086181272746457,0.3940313177626214,0.26769230769230773,0.07530089136425977,0.0334670628285599,3.25,0.0999756766228983
2026-06-15,prop_hr,"Hunter Goodman hr OVER 0.5 [1-sided, ~8% juice est.]",0.5,280,4.242030173597048,4.242030173597048,L,2026-06-15-score-rework,0.26557819647281256,0.307998498208783,0.22315789473684208,0.009197146596687689,0.003284695213102746,3.8,0.07837430447831384
2026-06-15,prop_tb,"Ian Happ tb OVER 0.5 [1-sided, ~8% juice est.]",0.5,-189,8.255398236332113,8.255398236332113,L,2026-06-15-score-rework,0.6965332211176464,0.7790872034809675,0.6139792387543253,0.0650693169470889,0.05,1.529100529100529,0.09545196681496408
2026-06-15,prop_tb,"Ian Happ tb OVER 1.5 [1-sided, ~8% juice est.]",1.5,120,7.468310342643559,7.468310342643559,L,2026-06-15-score-rework,0.48922855797189013,0.5639116613983257,0.41454545454545455,0.07630282753815842,0.05,2.2,0.1128418764329791
2026-06-15,prop_tb,"Hunter Goodman tb OVER 0.5 [1-sided, ~8% juice est.]",0.5,-200,8.489694652761449,8.489694652761449,W,2026-06-15-score-rework,0.7115636131942811,0.7964605597218954,0.6266666666666666,0.06734541979142161,0.05,1.5,0.09268205828822623
2026-06-15,prop_tb,"Hunter Goodman tb OVER 1.5 [1-sided, ~8% juice est.]",1.5,115,8.118702304403646,8.118702304403646,W,2026-06-15-score-rework,0.5063033021138039,0.5874903251578404,0.42511627906976746,0.08855209954467835,0.05,2.15,0.11287632830779375
2026-06-15,prop_tb,"Cole Carrigg tb OVER 1.5 [1-sided, ~8% juice est.]",1.5,155,6.362347552264669,6.362347552264669,W,2026-06-15-score-rework,0.41578033826774474,0.4794038137903915,0.35215686274509805,0.06023986258274905,0.038864427472741325,2.55,0.1096912558982431
2026-06-15,prop_tb,"Braxton Fulford tb OVER 1.5 [1-sided, ~8% juice est.]",1.5,235,8.186350683424298,8.186350683424298,L,2026-06-15-score-rework,0.34037096952081014,0.4222344763550531,0.25850746268656716,0.14024274789471403,0.05,3.35,0.10138744160895771
2026-06-15,prop_tb,"Jake McCarthy tb OVER 0.5 [1-sided, ~8% juice est.]",0.5,-130,10.104088526902622,10.104088526902622,W,2026-06-15-score-rework,0.626258276573374,0.7272991618424001,0.5252173913043477,0.1079954123990462,0.05,1.7692307692307692,0.10569561112907279
2026-06-15,prop_tb,"Braxton Fulford tb OVER 0.5 [1-sided, ~8% juice est.]",0.5,-105,9.402675406274536,9.402675406274536,L,2026-06-15-score-rework,0.5662218760139649,0.6602486300767103,0.47219512195121954,0.10548080555107431,0.05,1.9523809523809523,0.11091395257690057
2026-06-15,prop_tb,"Jake McCarthy tb OVER 1.5 [1-sided, ~8% juice est.]",1.5,215,11.044025965358633,11.044025965358633,L,2026-06-15-score-rework,0.3879005771139038,0.4983408367674902,0.27746031746031746,0.22188681790879694,0.05,3.15,0.10721962588086685
2026-06-15,prop_tb,"Joc Pederson tb OVER 0.5 [1-sided, ~8% juice est.]",0.5,-120,8.028498669393148,8.028498669393148,W,2026-06-15-score-rework,0.5857395321484768,0.6660245188424084,0.5054545454545454,0.07385580893887433,0.05,1.8333333333333335,0.10957460633528644
2026-06-15,prop_tb,"Joc Pederson tb OVER 1.5 [1-sided, ~8% juice est.]",1.5,200,6.75570037931526,6.75570037931526,W,2026-06-15-score-rework,0.36089033712648594,0.42844734091963854,0.29333333333333333,0.08267101137945787,0.041335505689728935,3.0,0.10415557708241256
2026-06-15,prop_tb,"Christian Vázquez tb OVER 1.5 [1-sided, ~8% juice est.]",1.5,225,6.0680802176434065,6.0680802176434065,L,2026-06-15-score-rework,0.3283731098687418,0.38905391204517586,0.26769230769230773,0.06721260707341081,0.029872269810404806,3.25,0.0995927107989739
2026-06-15,prop_tb,"Spencer Torkelson tb OVER 0.5 [1-sided, ~8% juice est.]",0.5,-120,7.551436192962879,7.551436192962879,W,2026-06-15-score-rework,0.5809689073841742,0.6564832693138031,0.5054545454545454,0.06510966353765274,0.05,1.8333333333333335,0.10993374712753454
2026-06-15,prop_hr,"Yordan Alvarez hr OVER 0.5 [1-sided, ~8% juice est.]",0.5,280,3.789287551185108,3.789287551185108,L,2026-06-15-score-rework,0.26105077024869316,0.2989436457605443,0.22315789473684208,-0.008007073054966063,0.0,3.8,0.07751313469743576
2026-06-15,prop_hr,"Shea Langeliers hr OVER 0.5 [1-sided, ~8% juice est.]",0.5,265,5.559831987121658,5.559831987121658,L,2026-06-15-score-rework,0.2895709226109426,0.3451692424821592,0.233972602739726,0.05693386752994045,0.021484478313185076,3.65,0.08266304501226354
2026-06-15,prop_tb,"Tyler Soderstrom tb OVER 0.5 [1-sided, ~8% juice est.]",0.5,-222,7.945526276107029,7.945526276107029,W,2026-06-15-score-rework,0.7288962565498901,0.8083515193109604,0.6494409937888198,0.05722790364443525,0.05,1.4504504504504505,0.08923456810141717
2026-06-15,prop_tb,"Carlos Cortes tb OVER 0.5 [1-sided, ~8% juice est.]",0.5,-213,6.361006758186861,6.361006758186861,L,2026-06-15-score-rework,0.7041212496904947,0.7677313172723632,0.6405111821086261,0.03469460635269889,0.05,1.4694835680751175,0.09407909230178976
2026-06-15,prop_tb,"Carlos Cortes tb OVER 1.5 [1-sided, ~8% juice est.]",1.5,125,7.225532156454989,7.225532156454989,L,2026-06-15-score-rework,0.47669976600899433,0.5489550875735443,0.40444444444444444,0.07257447352023727,0.05,2.25,0.11264910859025763
2026-06-15,prop_tb,"Carlos Cortes tb OVER 2.5 [1-sided, ~8% juice est.]",2.5,250,6.489977895431479,6.489977895431479,L,2026-06-15-score-rework,0.3106140646686005,0.3755138436229153,0.2457142857142857,0.08714922634010158,0.034859690536040634,3.5,0.09669754036236154
2026-06-15,prop_hr,"Tyler Soderstrom hr OVER 0.5 [1-sided, ~8% juice est.]",0.5,390,4.84604345876504,4.84604345876504,L,2026-06-15-score-rework,0.21254206724071162,0.26100250182836204,0.16408163265306122,0.04145612947948707,0.010629776789612069,4.9,0.06725243036213857
2026-06-15,prop_tb,"Zack Gelof tb OVER 0.5 [1-sided, ~8% juice est.]",0.5,-189,6.6740741272522275,6.6740741272522275,W,2026-06-15-score-rework,0.6807199800268475,0.7474607212993698,0.6139792387543253,0.040889281628354146,0.05,1.529100529100529,0.09814589316137991
2026-06-15,prop_tb,"Zack Gelof tb OVER 1.5 [1-sided, ~8% juice est.]",1.5,150,8.154368643874383,8.154368643874383,L,2026-06-15-score-rework,0.44154368643874387,0.5230873728774876,0.36000000000000004,0.10385921609685966,0.05,2.5,0.11135116782106474
2026-06-15,prop_tb,"Zack Gelof tb OVER 2.5 [1-sided, ~8% juice est.]",2.5,280,6.397348866636918,6.397348866636918,L,2026-06-15-score-rework,0.28713138340321126,0.3511048720695804,0.22315789473684208,0.09109925693220267,0.0325354489043581,3.8,0.09243193628923703
2026-06-15,prop_tb,"Shea Langeliers tb OVER 0.5 [1-sided, ~8% juice est.]",0.5,-303,7.5634289172652025,7.5634289172652025,W,2026-06-15-score-rework,0.7874953313562748,0.8631296205289268,0.7118610421836228,0.047394780648774726,0.05,1.33003300330033,0.0755698143475649
2026-06-15,prop_tb,"Shea Langeliers tb OVER 1.5 [1-sided, ~8% juice est.]",1.5,-120,9.092485585607445,9.092485585607445,L,2026-06-15-score-rework,0.5963794013106198,0.6873042571666942,0.5054545454545454,0.09336223573613645,0.05,1.8333333333333335,0.10869957566097203
2026-06-15,prop_tb,"Shea Langeliers tb OVER 2.5 [1-sided, ~8% juice est.]",2.5,160,8.702902480729712,8.702902480729712,L,2026-06-15-score-rework,0.4316444094226818,0.5186734342299789,0.34461538461538466,0.12227546449897264,0.05,2.6,0.11078428226314672
2026-06-15,prop_tb,"Nick Kurtz tb OVER 0.5 [1-sided, ~8% juice est.]",0.5,-233,6.900670806775977,6.900670806775977,W,2026-06-15-score-rework,0.7287064077674594,0.7977131158352192,0.6596996996996997,0.041455938998128716,0.05,1.4291845493562232,0.08927379899969289
2026-06-15,prop_tb,"Brandon Lowe tb OVER 1.5 [1-sided, ~8% juice est.]",1.5,110,6.21697272158897,6.21697272158897,L,2026-06-15-score-rework,0.4983602034063659,0.5605299306222556,0.4361904761904762,0.046556427153368385,0.04232402468488035,2.1,0.1128930559352011
2026-06-15,prop_tb,"Tyler Soderstrom tb OVER 1.5 [1-sided, ~8% juice est.]",1.5,110,8.397872608636487,8.397872608636487,W,2026-06-15-score-rework,0.520169202276841,0.604147928363206,0.4361904761904762,0.09235532478136621,0.05,2.1,0.11271057012014811
2026-06-15,prop_tb,"Tyler Soderstrom tb OVER 2.5 [1-sided, ~8% juice est.]",2.5,215,7.625048720320576,7.625048720320576,L,2026-06-15-score-rework,0.3537108046635232,0.42996129186672905,0.27746031746031746,0.11418903469009811,0.05,3.15,0.10323028193066211
2026-06-16,prop_tb,"Esteury Ruiz tb OVER 0.5 [1-sided, ~8% juice est.]",0.5,-120,8.00242880472084,8.00242880472084,W,2026-06-15-score-rework,0.5854788335017538,0.6655031215489623,0.5054545454545454,0.073377861419882,0.05,1.8333333333333335,0.10959476310878775
2026-06-16,prop_tb,"Esteury Ruiz tb OVER 1.5 [1-sided, ~8% juice est.]",1.5,225,8.009584564122113,8.009584564122113,W,2026-06-15-score-rework,0.34778815333352886,0.42788399897475,0.26769230769230773,0.13031149833396882,0.05,3.25,0.10243193086475968
2026-06-16,prop_hr,"Matt Olson hr OVER 0.5 [1-sided, ~8% juice est.]",0.5,360,6.4889538627138,6.4889538627138,L,2026-06-15-score-rework,0.24228084297496408,0.3071703816021021,0.17739130434782607,0.11449187768483471,0.03180329935689853,4.6,0.0737671600960865
2026-06-16,prop_tb,"Eli White tb OVER 1.5 [1-sided, ~8% juice est.]",1.5,175,7.8014430099186125,7.8014430099186125,L,2026-06-15-score-rework,0.4016507937355498,0.47966522383473587,0.32363636363636367,0.10453968277276193,0.05,2.75,0.10852636090932967
2026-06-16,prop_tb,"Matt Olson tb OVER 0.5 [1-sided, ~8% juice est.]",0.5,-244,7.5446192147121565,7.5446192147121565,W,2026-06-15-score-rework,0.7447485177285169,0.8201947098756384,0.6693023255813954,0.049973320076269756,0.05,1.4098360655737705,0.08584397354115177
2026-06-16,prop_tb,"Matt Olson tb OVER 1.5 [1-sided, ~8% juice est.]",1.5,110,9.249978976249945,9.249978976249945,L,2026-06-15-score-rework,0.5286902659529756,0.621190055715475,0.4361904761904762,0.11024955850124885,0.05,2.1,0.11252256293880251
2026-06-16,prop_tb,"Matt Olson tb OVER 2.5 [1-sided, ~8% juice est.]",2.5,210,8.243837290543166,8.243837290543166,L,2026-06-15-score-rework,0.365019018066722,0.44745739097215365,0.28258064516129033,0.1315589560068382,0.05,3.1,0.1046665965282876
2026-06-16,prop_tb,"Mauricio Dubón tb OVER 1.5 [1-sided, ~8% juice est.]",1.5,150,6.5211844822722185,6.5211844822722185,L,2026-06-15-score-rework,0.42521184482272223,0.49042368964544436,0.36000000000000004,0.06302961205680557,0.04201974137120371,2.5,0.11036847849026798
2026-06-16,prop_tb,"Rafael Devers tb OVER 0.5 [1-sided, ~8% juice est.]",0.5,-169,6.050343245422718,6.050343245422718,W,2026-06-15-score-rework,0.6487562205583164,0.7092596530125435,0.5882527881040892,0.03263564100702426,0.05,1.5917159763313609,0.10290158598086234
2026-06-16,prop_tb,"Matt Chapman tb OVER 0.5 [1-sided, ~8% juice est.]",0.5,-159,7.803076326936198,7.803076326936198,L,2026-06-15-score-rework,0.6519303771689758,0.7299611404383378,0.5738996138996139,0.06194948230669639,0.05,1.6289308176100628,0.10247058891504356
2026-06-16,prop_tb,"Matt Chapman tb OVER 1.5 [1-sided, ~8% juice est.]",1.5,150,7.077740161261387,7.077740161261387,L,2026-06-15-score-rework,0.4307774016126139,0.5015548032252277,0.36000000000000004,0.07694350403153483,0.05,2.5,0.11073041753285198
2026-06-16,prop_tb,"Matt Chapman tb OVER 2.5 [1-sided, ~8% juice est.]",2.5,310,6.370093095148224,6.370093095148224,L,2026-06-15-score-rework,0.2676033699758725,0.3313043009273547,0.20390243902439023,0.09717381690107696,0.03134639254873451,4.1,0.08850540777039494
2026-06-16,prop_tb,"Casey Schmitt tb OVER 0.5 [1-sided, ~8% juice est.]",0.5,-185,8.580788330422163,8.580788330422163,W,2026-06-15-score-rework,0.6949306903217655,0.7807385736259871,0.6091228070175438,0.07056890130650356,0.05,1.5405405405405406,0.09573525600784194
2026-06-16,prop_tb,"Casey Schmitt tb OVER 1.5 [1-sided, ~8% juice est.]",1.5,145,9.89763023928742,9.89763023928742,W,2026-06-15-score-rework,0.46713956769899667,0.5661158700918709,0.3681632653061225,0.1444919408625419,0.05,2.45,0.11240665364623922
2026-06-16,prop_tb,"Casey Schmitt tb OVER 2.5 [1-sided, ~8% juice est.]",2.5,280,8.446642747078656,8.446642747078656,L,2026-06-15-score-rework,0.30762432220762864,0.39209074967841523,0.22315789473684208,0.16897242438898885,0.05,3.8,0.09618212432426963
2026-06-16,prop_tb,"Bryce Eldridge tb OVER 0.5 [1-sided, ~8% juice est.]",0.5,-185,8.620769060704681,8.620769060704681,W,2026-06-15-score-rework,0.6953304976245906,0.7815381882316375,0.6091228070175438,0.07118482066490994,0.05,1.5405405405405406,0.09566479676424645
2026-06-16,prop_tb,"Bryce Eldridge tb OVER 2.5 [1-sided, ~8% juice est.]",2.5,280,8.498840652528997,8.498840652528997,L,2026-06-15-score-rework,0.30814630126213205,0.393134707787422,0.22315789473684208,0.17095594479610177,0.05,3.8,0.09627269248210044
2026-06-16,prop_tb,"Drake Baldwin tb OVER 1.5 [1-sided, ~8% juice est.]",1.5,-105,6.9534139120081715,6.9534139120081715,W,2026-06-15-score-rework,0.5417292610713013,0.6112634001913829,0.47219512195121954,0.057661890663016746,0.05,1.9523809523809523,0.11210792492233738
2026-06-16,prop_tb,"Drake Baldwin tb OVER 2.5 [1-sided, ~8% juice est.]",2.5,200,7.194615310253982,7.194615310253982,W,2026-06-15-score-rework,0.36527948643587316,0.4372256395384129,0.29333333333333333,0.09583845930761947,0.047919229653809736,3.0,0.1046983192350865
2026-06-16,prop_pitcher_k,Grant Holmes pitcher_k UNDER 4.5,4.5,-115,12.100355262518159,12.100355262518159,W,2026-06-15-score-rework,0.6210035526251816,0.7420071052503633,0.5,0.1610066418644699,0.05,1.8695652173913042,0.3100439349262841
2026-06-16,prop_tb,"Eli White tb OVER 2.5 [1-sided, ~8% juice est.]",2.5,375,7.056034335114594,7.056034335114594,L,2026-06-15-score-rework,0.2410866591406196,0.3116470024917655,0.17052631578947366,0.1451616309179431,0.03870976824478482,4.75,0.0826222956883639
2026-06-16,prop_tb,"Mauricio Dubón tb OVER 2.5 [1-sided, ~8% juice est.]",2.5,340,6.698836567498456,6.698836567498456,L,2026-06-15-score-rework,0.2542610929477118,0.3212494586226964,0.18727272727272726,0.11874880896993212,0.03492612028527415,4.4,0.08562460935805997
2026-06-16,prop_tb,"Bryce Eldridge tb OVER 1.5 [1-sided, ~8% juice est.]",1.5,145,9.951131780569694,9.951131780569694,W,2026-06-15-score-rework,0.4676745831118194,0.5671859009175164,0.3681632653061225,0.1458027286239577,0.05,2.45,0.11242240259292235
2026-06-16,prop_tb,"Cooper Pratt tb OVER 1.5 [1-sided, ~8% juice est.]",1.5,215,6.282442638910174,6.282442638910174,L,2026-06-15-score-rework,0.3402847438494192,0.403109170238521,0.27746031746031746,0.07189694312567041,0.03344043866310252,3.15,0.10137500712898923
2026-06-16,prop_tb,"Austin Hedges tb OVER 1.5 [1-sided, ~8% juice est.]",1.5,250,8.7942194762595,8.7942194762595,L,2026-06-15-score-rework,0.3336564804768807,0.42159867523947564,0.2457142857142857,0.16779768166908238,0.05,3.5,0.10039905718853477
2026-06-16,prop_tb,"Travis Bazzana tb OVER 2.5 [1-sided, ~8% juice est.]",2.5,340,8.213253920921847,8.213253920921847,L,2026-06-15-score-rework,0.26940526648194574,0.3515378056911642,0.18727272727272726,0.18538317252056136,0.05,4.4,0.08888214160392231
2026-06-16,prop_tb,"Jackson Chourio tb OVER 2.5 [1-sided, ~8% juice est.]",2.5,190,6.246594083676832,6.246594083676832,L,2026-06-15-score-rework,0.3672935270436649,0.4297594678804332,0.3048275862068966,0.06515122842662824,0.03429012022454118,2.9,0.10494154262940307
2026-06-16,prop_tb,"Jackson Chourio tb OVER 1.5 [1-sided, ~8% juice est.]",1.5,-105,6.5877154286889725,6.5877154286889725,L,2026-06-15-score-rework,0.5380722762381093,0.603949430524999,0.47219512195121954,0.05052206313154661,0.05,1.9523809523809523,0.11223971002179439
2026-06-16,prop_tb,"Rhys Hoskins tb OVER 0.5 [1-sided, ~8% juice est.]",0.5,-141,8.447798540884543,8.447798540884543,W,2026-06-15-score-rework,0.6295402260727458,0.7140182114815913,0.5450622406639004,0.07602265591157276,0.05,1.7092198581560285,0.1053165041462699
2026-06-16,prop_tb,"Rhys Hoskins tb OVER 1.5 [1-sided, ~8% juice est.]",1.5,165,7.259013750425847,7.259013750425847,W,2026-06-15-score-rework,0.40994862807029625,0.4825387655745547,0.3373584905660378,0.08636386438628496,0.05,2.65,0.1092323189400822
2026-06-16,prop_tb,"Austin Hedges tb OVER 0.5 [1-sided, ~8% juice est.]",0.5,-115,8.238531703707592,8.238531703707592,W,2026-06-15-score-rework,0.5772690379673084,0.6596543550043843,0.49488372093023253,0.07924211446062002,0.05,1.8695652173913042,0.11019812732539809
2026-06-16,prop_tb,"Brayan Rocchio tb OVER 0.5 [1-sided, ~8% juice est.]",0.5,-149,8.68709748078752,8.68709748078752,L,2026-06-15-score-rework,0.6452645491050639,0.7321355239129392,0.5583935742971887,0.07832800488027458,0.05,1.6711409395973154,0.10336518581737396
2026-06-16,prop_tb,"Brayan Rocchio tb OVER 1.5 [1-sided, ~8% juice est.]",1.5,200,10.542927579527678,10.542927579527678,L,2026-06-15-score-rework,0.3987626091286101,0.5041918849238869,0.29333333333333333,0.19628782738583028,0.05,3.0,0.10826605249033087
2026-06-16,prop_tb,"Travis Bazzana tb OVER 0.5 [1-sided, ~8% juice est.]",0.5,-159,8.696641609903544,8.696641609903544,L,2026-06-15-score-rework,0.6608660299986493,0.7478324460976847,0.5738996138996139,0.07650504257641605,0.05,1.6289308176100628,0.1012084128656453
2026-06-16,prop_tb,"Travis Bazzana tb OVER 1.5 [1-sided, ~8% juice est.]",1.5,175,9.995810880108962,9.995810880108962,L,2026-06-15-score-rework,0.4235944724374533,0.523552581238543,0.32363636363636367,0.1648847992029966,0.05,2.75,0.11025805141719248
2026-06-16,prop_pitcher_k,Michael King pitcher_k UNDER 4.5,4.5,-141,8.52780331544839,8.52780331544839,W,2026-06-15-score-rework,0.6306039458042338,0.7158819789587179,0.5453259126497499,0.07784078680014445,0.05,1.7092198581560285,0.3068618877363988
2026-06-16,prop_tb,"Blaze Jordan tb OVER 0.5 [1-sided, ~8% juice est.]",0.5,-145,8.324509734778795,8.324509734778795,W,2026-06-15-score-rework,0.6350818320416655,0.7183269293894534,0.5518367346938775,0.07306930241522785,0.05,1.6896551724137931,0.10465429743630243
2026-06-16,prop_tb,"Jordan Walker tb OVER 1.5 [1-sided, ~8% juice est.]",1.5,135,6.979517100713756,6.979517100713756,L,2026-06-15-score-rework,0.4553270859007546,0.5251222569078922,0.38553191489361704,0.07001865186677325,0.05,2.35,0.11199307169967379
2026-06-16,prop_tb,"Jordan Walker tb OVER 2.5 [1-sided, ~8% juice est.]",2.5,280,6.492115287849917,6.492115287849917,L,2026-06-15-score-rework,0.28807904761534125,0.35300020049384045,0.22315789473684208,0.09470038093829669,0.03382156462082025,3.8,0.09261372219801561
2026-06-16,prop_tb,"Rodolfo Durán tb OVER 0.5 [1-sided, ~8% juice est.]",0.5,-125,6.222176728149975,6.222176728149975,L,2026-06-15-score-rework,0.5777773228370553,0.6399990901185549,0.5155555555555555,0.03999918110669953,0.049998976383374416,1.8,0.11016253956557068
2026-06-16,prop_tb,"Rodolfo Durán tb OVER 1.5 [1-sided, ~8% juice est.]",1.5,225,6.876426213480008,6.876426213480008,L,2026-06-15-score-rework,0.3364565698271078,0.40522083196190783,0.26769230769230773,0.09348385193810038,0.041548378639155725,3.25,0.10081618477903287
2026-06-16,prop_rbi,"Blaze Jordan rbi OVER 0.5 [1-sided, ~8% juice est.]",0.5,225,7.501940535290314,7.501940535290314,W,2026-06-15-score-rework,0.34271171304521086,0.41773111839811405,0.26769230769230773,0.11381306739693531,0.05,3.25,0.07717656606977562
2026-06-16,prop_tb,"Blaze Jordan tb OVER 1.5 [1-sided, ~8% juice est.]",1.5,190,9.13979489085327,9.13979489085327,W,2026-06-15-score-rework,0.3962255351154293,0.487623484023962,0.3048275862068966,0.14905405183474496,0.05,2.9,0.10803117358967194
2026-06-16,prop_tb,"Hunter Goodman tb OVER 0.5 [1-sided, ~8% juice est.]",0.5,-179,9.613025041224454,9.613025041224454,L,2026-06-15-score-rework,0.6977073113441441,0.7938375617563885,0.6015770609318996,0.08748793220679446,0.05,1.558659217877095,0.09524294354511953
2026-06-16,prop_tb,"Hunter Goodman tb OVER 1.5 [1-sided, ~8% juice est.]",1.5,130,9.45457639721144,9.45457639721144,L,2026-06-15-score-rework,0.4893283726677666,0.583874136639881,0.3947826086956522,0.12545525713586314,0.05,2.3,0.11284284295850894
2026-06-16,prop_tb,"Hunter Goodman tb OVER 2.5 [1-sided, ~8% juice est.]",2.5,215,6.6057804462753165,6.6057804462753165,L,2026-06-15-score-rework,0.34351812192307063,0.40957592638582385,0.27746031746031746,0.08208208405767248,0.038177713515196506,3.15,0.10183669270888032
2026-06-16,prop_tb,"Cole Carrigg tb OVER 1.5 [1-sided, ~8% juice est.]",1.5,185,14.001674890985665,14.001674890985665,L,2026-06-15-score-rework,0.4508939418923128,0.5909106908021695,0.31087719298245614,0.2850477343930915,0.05,2.85,0.11180533499096774
2026-06-16,prop_tb,"Cole Carrigg tb OVER 2.5 [1-sided, ~8% juice est.]",2.5,375,12.303653198407662,12.303653198407662,L,2026-06-15-score-rework,0.2935628477735503,0.41659937975762695,0.17052631578947366,0.3944235269243639,0.05,4.75,0.09364972683262385
2026-06-16,prop_tb,"Troy Johnston tb OVER 1.5 [1-sided, ~8% juice est.]",1.5,155,7.247282401152666,7.247282401152666,L,2026-06-15-score-rework,0.4246296867566247,0.4971025107681513,0.35215686274509805,0.0828057012293929,0.05,2.55,0.11032900344461895
2026-06-16,prop_tb,"Troy Johnston tb OVER 2.5 [1-sided, ~8% juice est.]",2.5,340,6.999754480587916,6.999754480587916,L,2026-06-15-score-rework,0.2572702720786064,0.32726781688448553,0.18727272727272726,0.13198919714586832,0.03882035210172597,4.4,0.08628837782284285
2026-06-16,prop_tb,"Cole Carrigg tb OVER 0.5 [1-sided, ~8% juice est.]",0.5,-149,12.026711566521186,12.026711566521186,L,2026-06-15-score-rework,0.6786606899624006,0.7989278056276125,0.5583935742971887,0.13413766309152847,0.05,1.6711409395973154,0.09848009137942394
2026-06-16,prop_tb,"Joc Pederson tb OVER 2.5 [1-sided, ~8% juice est.]",2.5,280,6.805386615306327,6.805386615306327,L,2026-06-15-score-rework,0.29121176088990536,0.35926562704296866,0.22315789473684208,0.10660469138164042,0.03807310406487158,3.8,0.0932088833004221
2026-06-16,prop_tb,"Ezequiel Duran tb OVER 1.5 [1-sided, ~8% juice est.]",1.5,160,6.93594201766996,6.93594201766996,L,2026-06-15-score-rework,0.41397480479208426,0.48333422496878387,0.34461538461538466,0.07633449245941915,0.047709057787136966,2.6,0.1095524488760358
2026-06-16,prop_tb,"Ezequiel Duran tb OVER 2.5 [1-sided, ~8% juice est.]",2.5,360,6.875886651088314,6.875886651088314,L,2026-06-15-score-rework,0.24615017085870922,0.31490903736959236,0.17739130434782607,0.13229078595006238,0.036747440541684,4.6,0.08379476243698138
2026-06-16,prop_tb,"Joc Pederson tb OVER 0.5 [1-sided, ~8% juice est.]",0.5,-164,8.65899848641174,8.65899848641174,W,2026-06-15-score-rework,0.6678021060762386,0.754392090940356,0.5812121212121212,0.07499851222028653,0.05,1.6097560975609757,0.10017896740807687
2026-06-16,prop_tb,"Joc Pederson tb OVER 1.5 [1-sided, ~8% juice est.]",1.5,155,8.983013252941651,8.983013252941651,L,2026-06-15-score-rework,0.44198699527451457,0.5318171278039311,0.35215686274509805,0.12706683795001206,0.05,2.55,0.11137448359375886
2026-06-16,prop_rbi,"Tristan Gray rbi OVER 0.5 [1-sided, ~8% juice est.]",0.5,250,9.906976463800458,9.906976463800458,L,2026-06-15-score-rework,0.34478405035229026,0.4438538149902948,0.2457142857142857,0.206744176233016,0.05,3.5,0.07739844546062623
2026-06-16,prop_tb,"Dominic Canzone tb OVER 0.5 [1-sided, ~8% juice est.]",0.5,-141,6.209920576807193,6.209920576807193,W,2026-06-15-score-rework,0.6071614464319723,0.6692606522000444,0.5450622406639004,0.03777240134826487,0.05,1.7092198581560285,0.10770855064863287
2026-06-16,prop_pitcher_k,Framber Valdez pitcher_k UNDER 4.5,4.5,-125,6.8891723494886925,6.8891723494886925,L,2026-06-15-score-rework,0.5891962920228058,0.6580880155176927,0.5203045685279188,0.060553325641050426,0.05,1.8,0.3188514353808734
2026-06-16,prop_tb,"Tyler Callihan tb OVER 0.5 [1-sided, ~8% juice est.]",0.5,-164,7.18097408207684,7.18097408207684,W,2026-06-15-score-rework,0.6530218620328896,0.7248316028536579,0.5812121212121212,0.05120592424806625,0.05,1.6097560975609757,0.10232028114352959
2026-06-16,prop_tb,"Tyler Callihan tb OVER 1.5 [1-sided, ~8% juice est.]",1.5,160,7.53801590522013,7.53801590522013,W,2026-06-15-score-rework,0.41999554366758596,0.4953757027197872,0.34461538461538466,0.09198841353572351,0.05,2.6,0.11000385488926645
2026-06-16,prop_tb,"Tyler Callihan tb OVER 2.5 [1-sided, ~8% juice est.]",2.5,310,6.090255823117488,6.090255823117488,L,2026-06-15-score-rework,0.2648049972555651,0.32570755548673996,0.20390243902439023,0.08570048874781677,0.02764531895090864,4.1,0.08791452111579802
2026-06-17,prop_tb,"Bryce Eldridge tb OVER 2.5 [1-sided, ~8% juice est.]",2.5,250,6.637206657955266,6.637206657955266,W,2026-06-15-score-rework,0.31208635229383835,0.37845841887339104,0.2457142857142857,0.09230223302843432,0.03692089321137373,3.5,0.0969483884986976
2026-06-17,prop_tb,"Casey Schmitt tb OVER 0.5 [1-sided, ~8% juice est.]",0.5,-204,6.171183399625191,6.171183399625191,W,2026-06-15-score-rework,0.6927644655751992,0.754476299571451,0.6310526315789473,0.03235488987676749,0.05,1.4901960784313726,0.09611450617360252
2026-06-17,prop_tb,"Casey Schmitt tb OVER 2.5 [1-sided, ~8% juice est.]",2.5,265,6.2696663225843245,6.2696663225843245,L,2026-06-15-score-rework,0.29666926596556925,0.3593659291914125,0.233972602739726,0.0828428207743277,0.031261441801633094,3.65,0.09422454400255323
2026-06-17,prop_tb,"Matt Olson tb OVER 0.5 [1-sided, ~8% juice est.]",0.5,-233,6.313662408513865,6.313662408513865,W,2026-06-15-score-rework,0.7228363237848383,0.7859729478699768,0.6596996996996997,0.033066505666743184,0.05,1.4291845493562232,0.09047074639034731
2026-06-17,prop_tb,"Matt Chapman tb OVER 2.5 [1-sided, ~8% juice est.]",2.5,340,6.8904419588617145,6.8904419588617145,L,2026-06-15-score-rework,0.2561771468613444,0.3250815664499615,0.18727272727272726,0.1271794461899155,0.0374057194676222,4.4,0.08604820072894447
2026-06-17,prop_tb,"Casey Schmitt tb OVER 1.5 [1-sided, ~8% juice est.]",1.5,135,7.319599715857167,7.319599715857167,W,2026-06-15-score-rework,0.4587279120521887,0.5319239092107604,0.38553191489361704,0.0780105933226436,0.05,2.35,0.11212506045991587
2026-06-17,prop_tb,"Bryce Eldridge tb OVER 0.5 [1-sided, ~8% juice est.]",0.5,-185,8.04811892965347,8.04811892965347,W,2026-06-15-score-rework,0.6896039963140785,0.7700851856106133,0.6091228070175438,0.0623629132406075,0.05,1.5405405405405406,0.09666022071519141
2026-06-17,prop_tb,"Matt Chapman tb OVER 0.5 [1-sided, ~8% juice est.]",0.5,-159,7.517652625850535,7.517652625850535,L,2026-06-15-score-rework,0.6490761401581192,0.7242526664166246,0.5738996138996139,0.05730012767894882,0.05,1.6289308176100628,0.10285855862846323
2026-06-17,prop_tb,"Matt Chapman tb OVER 1.5 [1-sided, ~8% juice est.]",1.5,160,7.503329597967406,7.503329597967406,L,2026-06-15-score-rework,0.4196486805950587,0.4946819765747328,0.34461538461538466,0.09108656954715277,0.05,2.6,0.10997873749599091
2026-06-17,prop_tb,"Bryce Eldridge tb OVER 1.5 [1-sided, ~8% juice est.]",1.5,135,8.324751770209659,8.324751770209659,W,2026-06-15-score-rework,0.46877943259571364,0.5520269502978102,0.38553191489361704,0.10163166659992706,0.05,2.35,0.11245410725436661
2026-06-17,prop_tb,"Gabriel Rincones Jr. tb OVER 0.5 [1-sided, ~8% juice est.]",0.5,-159,7.231773509996298,7.231773509996298,L,2026-06-15-score-rework,0.6462173489995768,0.7185350840995397,0.5738996138996139,0.052643354659687946,0.05,1.6289308176100628,0.10323977205951912
2026-06-17,prop_tb,"Gabriel Rincones Jr. tb OVER 1.5 [1-sided, ~8% juice est.]",1.5,165,7.525582299096745,7.525582299096745,L,2026-06-15-score-rework,0.41261431355700523,0.4878701365479727,0.3373584905660378,0.09342793092606383,0.05,2.65,0.10944591101180455
2026-06-17,prop_tb,"Carter Jensen tb OVER 0.5 [1-sided, ~8% juice est.]",0.5,-222,6.623375019493672,6.623375019493672,W,2026-06-15-score-rework,0.7156747439837565,0.7819084941786933,0.6494409937888198,0.03805075478725051,0.05,1.4504504504504505,0.09188889350777936
2026-06-17,prop_tb,"Carter Jensen tb OVER 1.5 [1-sided, ~8% juice est.]",1.5,110,6.574578346785414,6.574578346785414,W,2026-06-15-score-rework,0.5019362596583303,0.5676820431261845,0.4361904761904762,0.05406614528249376,0.049151041165903415,2.1,0.1128925771873614
2026-06-17,prop_tb,"Jac Caglianone tb OVER 2.5 [1-sided, ~8% juice est.]",2.5,200,6.742772574366141,6.742772574366141,L,2026-06-15-score-rework,0.36076105907699474,0.42818878482065614,0.29333333333333333,0.08228317723098422,0.04114158861549211,3.0,0.10413932736810289
2026-06-17,prop_tb,"Keibert Ruiz tb OVER 1.5 [1-sided, ~8% juice est.]",1.5,150,6.609022202453496,6.609022202453496,L,2026-06-15-score-rework,0.426090222024535,0.49218044404906997,0.36000000000000004,0.06522555506133754,0.043483703374225025,2.5,0.11042746027081933
2026-06-17,prop_tb,"Keibert Ruiz tb OVER 0.5 [1-sided, ~8% juice est.]",0.5,-179,6.029143400408077,6.029143400408077,W,2026-06-15-score-rework,0.6618684949359803,0.7221599289400611,0.6015770609318996,0.03162743065440515,0.05,1.558659217877095,0.10106231411223733
2026-06-17,prop_tb,"Keibert Ruiz tb OVER 2.5 [1-sided, ~8% juice est.]",2.5,320,6.236649577972223,6.236649577972223,L,2026-06-15-score-rework,0.2604617338749603,0.32282822965468255,0.19809523809523807,0.09393928227483328,0.0293560257108854,4.2,0.0869834181161387
2026-06-17,prop_tb,"Jac Caglianone tb OVER 0.5 [1-sided, ~8% juice est.]",0.5,-250,6.641748358459532,6.641748358459532,W,2026-06-15-score-rework,0.7407031978703096,0.8071206814549048,0.6742857142857143,0.036984477018433326,0.05,1.4,0.08673078398355683
2026-06-17,prop_tb,"Jac Caglianone tb OVER 1.5 [1-sided, ~8% juice est.]",1.5,105,7.729912575671399,7.729912575671399,L,2026-06-15-score-rework,0.5251040038054945,0.6024031295622084,0.4478048780487805,0.07646320780126359,0.05,2.05,0.11260968134880821
2026-06-17,prop_tb,"Ty France tb OVER 1.5 [1-sided, ~8% juice est.]",1.5,145,6.816172185692476,6.816172185692476,L,2026-06-15-score-rework,0.43632498716304724,0.504486709019972,0.3681632653061225,0.0689962185494658,0.047583598999631584,2.45,0.11106334764327011
2026-06-17,prop_tb,"Rodolfo Durán tb OVER 0.5 [1-sided, ~8% juice est.]",0.5,-141,8.123128522389521,8.123128522389521,W,2026-06-15-score-rework,0.6262935258877956,0.7075248111116909,0.5450622406639004,0.07047333148197704,0.05,1.7092198581560285,0.10569159106440969
2026-06-17,prop_tb,"Rodolfo Durán tb OVER 1.5 [1-sided, ~8% juice est.]",1.5,200,9.08084564239575,9.08084564239575,W,2026-06-15-score-rework,0.38414178975729085,0.47495024618124837,0.29333333333333333,0.15242536927187256,0.05,3.0,0.10683269464707452
2026-06-17,prop_tb,"Ty France tb OVER 2.5 [1-sided, ~8% juice est.]",2.5,340,7.335019844247265,7.335019844247265,L,2026-06-15-score-rework,0.2606229257151999,0.33397312415767255,0.18727272727272726,0.14674087314687978,0.04315908033731758,4.4,0.08701827862269815
2026-06-17,prop_tb,"Rodolfo Durán tb OVER 2.5 [1-sided, ~8% juice est.]",2.5,390,7.169632515141158,7.169632515141158,L,2026-06-15-score-rework,0.2357779578044728,0.30747428295588436,0.16408163265306122,0.1553119932419168,0.039823588010747896,4.9,0.08136818958955014
2026-06-17,prop_tb,"Cole Carrigg tb OVER 1.5 [1-sided, ~8% juice est.]",1.5,145,6.719916904188944,6.719916904188944,L,2026-06-15-score-rework,0.4353624343480119,0.5025616033899014,0.3681632653061225,0.06663796415262924,0.045957216656985676,2.45,0.11100757442662157
2026-06-17,prop_tb,"Colt Emerson tb OVER 0.5 [1-sided, ~8% juice est.]",0.5,-125,8.23884114445148,8.23884114445148,L,2026-06-15-score-rework,0.5979439670000704,0.6803323784445853,0.5155555555555555,0.07629914060012666,0.05,1.8,0.1085622819248377
2026-06-17,prop_tb,"Colt Emerson tb OVER 1.5 [1-sided, ~8% juice est.]",1.5,215,8.332149977464947,8.332149977464947,L,2026-06-15-score-rework,0.36078181723496694,0.4441033170096164,0.27746031746031746,0.13646272429014583,0.05,3.15,0.10414193759966794
2026-06-17,prop_tb,"Dominic Canzone tb OVER 1.5 [1-sided, ~8% juice est.]",1.5,155,7.366741381691078,7.366741381691078,W,2026-06-15-score-rework,0.42582427656200883,0.49949169037891966,0.35215686274509805,0.08585190523312247,0.05,2.55,0.11040967596094672
2026-06-17,prop_tb,"Dominic Canzone tb OVER 0.5 [1-sided, ~8% juice est.]",0.5,-159,7.717712813194344,7.717712813194344,W,2026-06-15-score-rework,0.6510767420315573,0.7282538701635006,0.5738996138996139,0.060558969724360534,0.05,1.6289308176100628,0.10258739272458058
2026-06-17,prop_tb,"Spencer Horwitz tb OVER 2.5 [1-sided, ~8% juice est.]",2.5,200,6.682290175466033,6.682290175466033,W,2026-06-15-score-rework,0.36015623508799366,0.42697913684265404,0.29333333333333333,0.08046870526398098,0.04023435263199049,3.0,0.10406310300137657
2026-06-17,prop_pitcher_k,Aaron Civale pitcher_k UNDER 3.5,3.5,-110,6.753352856393214,6.753352856393214,W,2026-06-15-score-rework,0.5574120710740537,0.6249455996379858,0.48987854251012153,0.06415031750501154,0.05,1.9090909090909092,0.3249899646690139
2026-06-17,prop_hr,"Ryan O'Hearn hr OVER 0.5 [1-sided, ~8% juice est.]",0.5,375,4.561732821214895,4.561732821214895,W,2026-06-15-score-rework,0.21614364400162261,0.2617609722137716,0.17052631578947366,0.026682309007707516,0.0071152824020553375,4.75,0.06807923610055615
2026-06-17,prop_tb,"Ryan O'Hearn tb OVER 1.5 [1-sided, ~8% juice est.]",1.5,110,6.822699179286102,6.822699179286102,W,2026-06-15-score-rework,0.5044174679833372,0.5726444597761982,0.4361904761904762,0.05927668276500819,0.05,2.1,0.1128854581099423
2026-06-17,prop_tb,"Ryan O'Hearn tb OVER 2.5 [1-sided, ~8% juice est.]",2.5,215,6.050951573831287,6.050951573831287,W,2026-06-15-score-rework,0.33796983319863033,0.3984793489369432,0.27746031746031746,0.06460497457568548,0.03004882538403976,3.15,0.10103866714254962
2026-06-17,prop_tb,"Bryan Reynolds tb OVER 1.5 [1-sided, ~8% juice est.]",1.5,105,6.026868858296614,6.026868858296614,W,2026-06-15-score-rework,0.5080735666317466,0.5683422552147128,0.4478048780487805,0.04155081159508045,0.039572201519124245,2.05,0.11286483528245185
2026-06-17,prop_tb,"Brandon Lowe tb OVER 0.5 [1-sided, ~8% juice est.]",0.5,-233,10.795022160492518,10.795022160492518,W,2026-06-15-score-rework,0.7676499213046248,0.8756001429095501,0.6596996996996997,0.09711340684309044,0.05,1.4291845493562232,0.08054487751065562
2026-06-17,prop_tb,"Brandon Lowe tb OVER 1.5 [1-sided, ~8% juice est.]",1.5,105,13.009367842969894,13.009367842969894,L,2026-06-15-score-rework,0.5778985564784794,0.7079922349081783,0.4478048780487805,0.18469204078088275,0.05,2.05,0.1101540168819035
2026-06-17,prop_tb,"Brandon Lowe tb OVER 2.5 [1-sided, ~8% juice est.]",2.5,180,11.25002876961485,11.25002876961485,L,2026-06-15-score-rework,0.4296431448390057,0.5421434325351542,0.31714285714285717,0.20300080554921585,0.05,2.8,0.11065892432780346
2026-06-17,prop_tb,"Brandon Lowe tb OVER 3.5 [1-sided, ~8% juice est.]",3.5,230,6.791352669501793,6.791352669501793,L,2026-06-15-score-rework,0.330943829725321,0.398857356420339,0.26303030303030306,0.09211463809355924,0.040049842649373585,3.3,0.09998820232612378
2026-06-17,prop_hr,"Brandon Lowe hr OVER 0.5 [1-sided, ~8% juice est.]",0.5,265,7.020314772459998,7.020314772459998,L,2026-06-15-score-rework,0.304175750464326,0.37437889818892595,0.233972602739726,0.11024148919478982,0.04160056196029805,3.65,0.08504717040665064
2026-06-17,prop_tb,"Spencer Horwitz tb OVER 1.5 [1-sided, ~8% juice est.]",1.5,-105,6.450765914937135,6.450765914937135,W,2026-06-15-score-rework,0.5367027811005909,0.6012104402499623,0.47219512195121954,0.04784828691067744,0.05,1.9523809523809523,0.11228595335614182
2026-06-17,prop_tb,"Jackson Chourio tb OVER 1.5 [1-sided, ~8% juice est.]",1.5,130,9.135797649929705,9.135797649929705,W,2026-06-15-score-rework,0.48614058519494924,0.5774985616942463,0.3947826086956522,0.11812334594838314,0.05,2.3,0.1128075297442187
2026-06-17,prop_tb,"Cooper Pratt tb OVER 1.5 [1-sided, ~8% juice est.]",1.5,225,7.0751708889931155,7.0751708889931155,W,2026-06-15-score-rework,0.3384440165822389,0.40919572547217,0.26769230769230773,0.09994305389227631,0.04441913506323392,3.25,0.10110795675754464
2026-06-17,prop_tb,"Daniel Schneemann tb OVER 0.5 [1-sided, ~8% juice est.]",0.5,-141,6.132217750211844,6.132217750211844,W,2026-06-15-score-rework,0.6063844181660188,0.6677065956681373,0.5450622406639004,0.0364442892057486,0.05,1.7092198581560285,0.1077834813632884
2026-06-17,prop_tb,"Daniel Schneemann tb OVER 1.5 [1-sided, ~8% juice est.]",1.5,200,6.846740227381215,6.846740227381215,W,2026-06-15-score-rework,0.3618007356071455,0.43026813788095764,0.29333333333333333,0.08540220682143651,0.042701103410718255,3.0,0.10426958296651685
2026-06-17,prop_tb,"Kyle Manzardo tb OVER 0.5 [1-sided, ~8% juice est.]",0.5,-159,6.622609896142029,6.622609896142029,W,2026-06-15-score-rework,0.6401257128610341,0.7063518118224544,0.5738996138996139,0.042720500823948626,0.05,1.6289308176100628,0.1040274569426128
2026-06-17,prop_tb,"Kyle Manzardo tb OVER 1.5 [1-sided, ~8% juice est.]",1.5,170,7.160922606286896,7.160922606286896,L,2026-06-15-score-rework,0.40197959643323933,0.4735888224961083,0.33037037037037037,0.08534491036974623,0.05,2.7,0.10855551782233529
2026-06-17,prop_tb,"Jackson Chourio tb OVER 2.5 [1-sided, ~8% juice est.]",2.5,265,8.464325322790192,8.464325322790192,W,2026-06-15-score-rework,0.3186158559676279,0.4032591091955298,0.233972602739726,0.162947874281842,0.05,3.65,0.09803729044247786
2026-06-17,prop_tb,"Cooper Pratt tb OVER 0.5 [1-sided, ~8% juice est.]",0.5,-125,6.413995357446167,6.413995357446167,W,2026-06-15-score-rework,0.5796955091300172,0.6438354627044789,0.5155555555555555,0.04345191643403101,0.05,1.8,0.11002613518652915
2026-06-17,prop_tb,"Jackson Chourio tb OVER 0.5 [1-sided, ~8% juice est.]",0.5,-204,7.906198052765867,7.906198052765867,W,2026-06-15-score-rework,0.710114612106606,0.7891765926342648,0.6310526315789473,0.05821001019807953,0.05,1.4901960784313726,0.09295797739703547
2026-06-18,prop_pitcher_k,Shane Baz pitcher_k UNDER 5.5,5.5,-141,12.345220170477644,12.345220170477644,L,2026-06-15-score-rework,0.6687781143545264,0.7922303160593029,0.5453259126497499,0.14308883375489978,0.05,1.7092198581560285,0.2918065890606109
2026-06-18,prop_pitcher_k,Jack Leiter pitcher_k UNDER 5.5,5.5,-145,12.111275924999976,12.111275924999976,W,2026-06-15-score-rework,0.6752528866385348,0.7963656458885344,0.554140127388535,0.14094453259614498,0.05,1.6896551724137931,0.2888722108138511
2026-06-18,prop_tb,"Kody Clemens tb OVER 0.5 [1-sided, ~8% juice est.]",0.5,-185,6.752178913532925,6.752178913532925,W,2026-06-15-score-rework,0.6766445961528731,0.7441663852882024,0.6091228070175438,0.042398431911182866,0.05,1.5405405405405406,0.09880356904231251
2026-06-18,prop_tb,"Byron Buxton tb OVER 0.5 [1-sided, ~8% juice est.]",0.5,-244,6.809154009525631,6.809154009525631,L,2026-06-15-score-rework,0.7373938656766517,0.8054854057719081,0.6693023255813954,0.03960446636380399,0.05,1.4098360655737705,0.08744526111423027
2026-06-18,prop_tb,"Byron Buxton tb OVER 1.5 [1-sided, ~8% juice est.]",1.5,-105,6.394867789796882,6.394867789796882,L,2026-06-15-score-rework,0.5361437998491884,0.6000924777471571,0.47219512195121954,0.04675694256270102,0.049094789690836076,1.9523809523809523,0.11230434151751184
2026-06-18,prop_runs,"Mauricio Dubón runs OVER 0.5 [1-sided, ~8% juice est.]",0.5,140,7.305327794138727,7.305327794138727,W,2026-06-15-score-rework,0.449719944608054,0.5227732225494413,0.3766666666666667,0.07932786705932948,0.05,2.4,0.13348953719233647
2026-06-18,prop_tb,"Bryce Eldridge tb OVER 2.5 [1-sided, ~8% juice est.]",2.5,320,9.01815903890765,9.01815903890765,W,2026-06-15-score-rework,0.2882768284843146,0.37845841887339104,0.19809523809523807,0.2107626796341212,0.05,4.2,0.09265155925590106
2026-06-18,prop_tb,"Drake Baldwin tb OVER 1.5 [1-sided, ~8% juice est.]",1.5,130,6.83411007076295,6.83411007076295,L,2026-06-15-score-rework,0.4631237094032817,0.5314648101109112,0.3947826086956522,0.06518453162754778,0.05,2.3,0.11228018822163055
2026-06-18,prop_tb,"Drake Baldwin tb OVER 2.5 [1-sided, ~8% juice est.]",2.5,265,6.248108355796625,6.248108355796625,L,2026-06-15-score-rework,0.29645368629769225,0.3589347698556585,0.233972602739726,0.0820559549865768,0.030964511315689364,3.65,0.09418493418136091
2026-06-18,prop_tb,"Matt Olson tb OVER 0.5 [1-sided, ~8% juice est.]",0.5,-185,8.84250704262165,8.84250704262165,W,2026-06-15-score-rework,0.6975478774437603,0.7859729478699768,0.6091228070175438,0.07460078417011728,0.05,1.5405405405405406,0.0952714006125176
2026-06-18,prop_tb,"Matt Olson tb OVER 1.5 [1-sided, ~8% juice est.]",1.5,140,9.82431929135505,9.82431929135505,W,2026-06-15-score-rework,0.4749098595802172,0.5731530524937677,0.3766666666666667,0.13978366299252132,0.05,2.4,0.1126099955835887
2026-06-18,prop_tb,"Matt Olson tb OVER 2.5 [1-sided, ~8% juice est.]",2.5,280,8.791053192786244,8.791053192786244,W,2026-06-15-score-rework,0.3110684266647045,0.398978958592567,0.22315789473684208,0.18206002132587717,0.05,3.8,0.09677516334594319
2026-06-18,prop_tb,"Mauricio Dubón tb OVER 1.5 [1-sided, ~8% juice est.]",1.5,160,6.491783731752726,6.491783731752726,W,2026-06-15-score-rework,0.4095332219329119,0.4744510592504392,0.34461538461538466,0.0647863770255711,0.04049148564098194,2.6,0.10919845592106248
2026-06-18,prop_tb,"Mauricio Dubón tb OVER 2.5 [1-sided, ~8% juice est.]",2.5,390,7.147607001682413,7.147607001682413,W,2026-06-15-score-rework,0.23555770266988535,0.30703377268670945,0.16408163265306122,0.1542327430824384,0.03954685720062522,4.9,0.0813156074867669
2026-06-18,prop_tb,"Bryce Eldridge tb OVER 0.5 [1-sided, ~8% juice est.]",0.5,-179,8.425406233935684,8.425406233935684,W,2026-06-15-score-rework,0.6858311232712564,0.7700851856106133,0.6015770609318996,0.06897700219374603,0.05,1.558659217877095,0.09729986567020225
2026-06-18,prop_tb,"Bryce Eldridge tb OVER 1.5 [1-sided, ~8% juice est.]",1.5,160,10.37057828412128,10.37057828412128,W,2026-06-15-score-rework,0.44832116745659745,0.5520269502978102,0.34461538461538466,0.1656350353871534,0.05,2.6,0.11168824250340488
2026-06-18,prop_tb,"Jac Caglianone tb OVER 1.5 [1-sided, ~8% juice est.]",1.5,140,6.136057711455612,6.136057711455612,W,2026-06-15-score-rework,0.4380272437812228,0.4993878208957789,0.3766666666666667,0.05126538507493472,0.03661813219638194,2.4,0.11115993309268876
2026-06-21,prop_tb,"Daniel Schneemann tb OVER 0.5 [1-sided, ~8% juice est.]",0.5,-141,6.05546543404174,6.05546543404174,L,2026-06-15-score-rework,0.6056168950043178,0.6661715493447352,0.5450622406639004,0.035132423376174504,0.04953671696040604,1.7092198581560285,0.10785696014261215
2026-06-21,prop_tb,"Daniel Schneemann tb OVER 1.5 [1-sided, ~8% juice est.]",1.5,190,6.188935171143922,6.188935171143922,L,2026-06-15-score-rework,0.3667169379183358,0.42860628962977504,0.3048275862068966,0.06347911996317379,0.033410063138512525,2.9,0.1048722857547604
2026-06-21,prop_tb,"Kahlil Watson tb OVER 0.5 [1-sided, ~8% juice est.]",0.5,-125,6.445531477349153,6.445531477349153,L,2026-06-15-score-rework,0.5800108703290471,0.6444661851025386,0.5155555555555555,0.04401956659228479,0.05,1.8,0.11000339141865399
2026-06-21,prop_tb,"Kahlil Watson tb OVER 1.5 [1-sided, ~8% juice est.]",1.5,225,7.107965216594813,7.107965216594813,L,2026-06-15-score-rework,0.33877195985825587,0.409851612024204,0.26769230769230773,0.10100886953933164,0.04489283090636961,3.25,0.10115575838175396
2026-06-21,prop_tb,"Isaac Paredes tb OVER 0.5 [1-sided, ~8% juice est.]",0.5,-159,6.825525924661402,6.825525924661402,W,2026-06-15-score-rework,0.6421548731462279,0.7104101323928419,0.5738996138996139,0.04602586254637109,0.05,1.6289308176100628,0.10376879695299959
2026-06-21,prop_tb,"Isaac Paredes tb OVER 1.5 [1-sided, ~8% juice est.]",1.5,165,7.047637716490435,7.047637716490435,W,2026-06-15-score-rework,0.40783486773094213,0.4783112448958464,0.3373584905660378,0.0807623994869966,0.04894690877999794,2.65,0.10905838859957466
2026-06-21,prop_tb,"Ian Happ tb OVER 0.5 [1-sided, ~8% juice est.]",0.5,-115,8.953428738571928,8.953428738571928,W,2026-06-15-score-rework,0.5844180083159518,0.673952295701671,0.49488372093023253,0.09260758076460551,0.05,1.8695652173913042,0.10967615122935061
2026-06-21,prop_tb,"Ian Happ tb OVER 1.5 [1-sided, ~8% juice est.]",1.5,200,7.187069915891597,7.187069915891597,L,2026-06-15-score-rework,0.3652040324922493,0.4370747316511653,0.29333333333333333,0.09561209747674793,0.04780604873837396,3.0,0.10468913592682756
2026-06-21,prop_runs,"Michael Busch runs OVER 0.5 [1-sided, ~8% juice est.]",0.5,125,7.163558361381633,7.163558361381633,L,2026-06-15-score-rework,0.4760800280582608,0.547715611672077,0.40444444444444444,0.07118006313108671,0.05,2.25,0.13454458503213695
2026-06-21,prop_tb,"Gavin Sheets tb OVER 1.5 [1-sided, ~8% juice est.]",1.5,165,6.808960151510574,6.808960151510574,L,2026-06-15-score-rework,0.4054480920811435,0.47353769359624925,0.3373584905660378,0.07443744401503027,0.045113602433351684,2.65,0.10885714251265127
2026-06-21,prop_pitcher_k,Nathan Eovaldi pitcher_k UNDER 5.5,5.5,-105,7.973943062285866,7.973943062285866,L,2026-06-15-score-rework,0.5594348620949399,0.6391742927177986,0.4796954314720812,0.09222996885202539,0.05,1.9523809523809523,0.3246786050037493
2026-06-21,prop_rbi,"Samad Taylor rbi OVER 0.5 [1-sided, ~8% juice est.]",0.5,325,10.848386775245636,10.848386775245636,L,2026-06-15-score-rework,0.30377798539951517,0.41226185315197156,0.1952941176470588,0.29105643794793945,0.05,4.25,0.07246105606574395
2026-06-21,prop_tb,"Gavin Sheets tb OVER 0.5 [1-sided, ~8% juice est.]",0.5,-159,6.620404872265217,6.620404872265217,W,2026-06-15-score-rework,0.640103662622266,0.7063077113449182,0.5738996138996139,0.04268458251048357,0.05,1.6289308176100628,0.10403024729367917
2026-06-21,prop_tb,"Samad Taylor tb OVER 0.5 [1-sided, ~8% juice est.]",0.5,-149,8.753312400353053,8.753312400353053,W,2026-06-15-score-rework,0.6459266983007192,0.7334598223042498,0.5583935742971887,0.0794345495092556,0.05,1.6711409395973154,0.10327811631458163
2026-06-21,prop_tb,"Samad Taylor tb OVER 1.5 [1-sided, ~8% juice est.]",1.5,200,10.62349504899015,10.62349504899015,L,2026-06-15-score-rework,0.39956828382323484,0.5058032343131363,0.29333333333333333,0.1987048514697045,0.05,3.0,0.10833942459724367
2026-06-21,prop_tb,"Rodolfo Durán tb OVER 0.5 [1-sided, ~8% juice est.]",0.5,-105,14.116930157573965,14.116930157573965,L,2026-06-15-score-rework,0.6133644235269592,0.7545337251026989,0.47219512195121954,0.19752101736215844,0.05,1.9523809523809523,0.1070908307190525
2026-06-21,prop_tb,"Rodolfo Durán tb OVER 1.5 [1-sided, ~8% juice est.]",1.5,250,14.314122622796264,14.314122622796264,L,2026-06-15-score-rework,0.3888555119422483,0.531996738170211,0.2457142857142857,0.3609942917978691,0.05,3.5,0.107315894611887
2026-06-21,prop_tb,"Mauricio Dubón tb OVER 1.5 [1-sided, ~8% juice est.]",1.5,115,7.250252321675404,7.250252321675404,W,2026-06-15-score-rework,0.4976188022865215,0.5701213255032755,0.42511627906976746,0.0698804249160212,0.05,2.15,0.11289170970729868
2026-06-21,prop_tb,"Drake Baldwin tb OVER 0.5 [1-sided, ~8% juice est.]",0.5,-233,10.989295258844722,10.989295258844722,L,2026-06-15-score-rework,0.7695926522881469,0.8794856048765941,0.6596996996996997,0.09988992794829576,0.05,1.4291845493562232,0.08007355847635757
2026-06-21,prop_tb,"Eli White tb OVER 1.5 [1-sided, ~8% juice est.]",1.5,200,13.603544474227093,13.603544474227093,L,2026-06-15-score-rework,0.42936877807560425,0.5654042228178752,0.29333333333333333,0.28810633422681275,0.05,3.0,0.1106414562233923
2026-06-21,prop_tb,"Michael Harris II tb OVER 0.5 [1-sided, ~8% juice est.]",0.5,-222,11.789399493678065,11.789399493678065,W,2026-06-15-score-rework,0.7673349887256005,0.8852289836623812,0.6494409937888198,0.11298138004343855,0.05,1.4504504504504505,0.08062096110366879
2026-06-21,prop_tb,"Michael Harris II tb OVER 1.5 [1-sided, ~8% juice est.]",1.5,135,16.94871508086274,16.94871508086274,W,2026-06-15-score-rework,0.5550190657022445,0.724506216510872,0.38553191489361704,0.30429480440027457,0.05,2.35,0.11152730230238223
2026-06-21,prop_tb,"Michael Harris II tb OVER 2.5 [1-sided, ~8% juice est.]",2.5,265,16.36758091149876,16.36758091149876,L,2026-06-15-score-rework,0.3976484118547136,0.5613242209697012,0.233972602739726,0.45141670326970473,0.05,3.65,0.10816361751959307
2026-06-21,prop_tb,"Michael Harris II tb OVER 3.5 [1-sided, ~8% juice est.]",3.5,390,12.678361484336568,12.678361484336568,L,2026-06-15-score-rework,0.2908652474964269,0.41764886233979254,0.16408163265306122,0.42523971273249184,0.05,4.9,0.09314348775271054
2026-06-21,prop_tb,"Eli White tb OVER 0.5 [1-sided, ~8% juice est.]",0.5,-145,11.418464975044662,11.418464975044662,L,2026-06-15-score-rework,0.6660213844443241,0.7802060341947706,0.5518367346938775,0.12534647716454772,0.05,1.6896551724137931,0.1004474059184258
2026-06-21,prop_tb,"Eli White tb OVER 2.5 [1-sided, ~8% juice est.]",2.5,390,11.365774336996667,11.365774336996667,L,2026-06-15-score-rework,0.2777393760230279,0.3913971193929946,0.16408163265306122,0.36092294251283674,0.05,4.9,0.09058645950732844
2026-06-21,prop_tb,"Ozzie Albies tb OVER 1.5 [1-sided, ~8% juice est.]",1.5,110,6.862455106618776,6.862455106618776,L,2026-06-15-score-rework,0.5048150272566639,0.5734395783228518,0.4361904761904762,0.060111557238994306,0.05,2.1,0.11288380061247952
2026-06-21,prop_tb,"Ozzie Albies tb OVER 2.5 [1-sided, ~8% juice est.]",2.5,240,7.257144969607787,7.257144969607787,L,2026-06-15-score-rework,0.32668909675490143,0.39926054645097925,0.25411764705882356,0.11074292896666482,0.04614288706944368,3.4,0.09933039880927834
2026-06-21,prop_tb,"Matt Olson tb OVER 0.5 [1-sided, ~8% juice est.]",0.5,-200,12.26991370060887,12.26991370060887,L,2026-06-15-score-rework,0.7493658036727553,0.8720649406788441,0.6266666666666666,0.12404870550913294,0.05,1.5,0.0848137152832409
2026-06-21,prop_tb,"Matt Olson tb OVER 1.5 [1-sided, ~8% juice est.]",1.5,130,15.36338544404524,15.36338544404524,L,2026-06-15-score-rework,0.5484164631361046,0.702050317576557,0.3947826086956522,0.2613578652130405,0.05,2.3,0.11183570401941055
2026-06-21,prop_tb,"Matt Olson tb OVER 2.5 [1-sided, ~8% juice est.]",2.5,250,14.48130137826392,14.48130137826392,L,2026-06-15-score-rework,0.3905272994969249,0.5353403132795641,0.2457142857142857,0.3668455482392371,0.05,3.5,0.10748244756039999
2026-06-21,prop_tb,"Matt Olson tb OVER 3.5 [1-sided, ~8% juice est.]",3.5,340,10.24975336472328,10.24975336472328,L,2026-06-15-score-rework,0.28977026091996005,0.3922677945671928,0.18727272727272726,0.27498914804782437,0.05,4.4,0.09293612423957934
2026-06-21,prop_tb,"Mauricio Dubón tb OVER 2.5 [1-sided, ~8% juice est.]",2.5,290,8.979732015893136,8.979732015893136,W,2026-06-15-score-rework,0.30620757656918773,0.39600489672811906,0.21641025641025638,0.19420954861983208,0.05,3.9,0.0959350656123609
2026-06-21,prop_tb,"Drake Baldwin tb OVER 1.5 [1-sided, ~8% juice est.]",1.5,120,15.002559434177554,15.002559434177554,L,2026-06-15-score-rework,0.5645710488872301,0.7145966432290056,0.41454545454545455,0.24205630755190632,0.05,2.2,0.111011455523462
2026-06-21,prop_tb,"Drake Baldwin tb OVER 2.5 [1-sided, ~8% juice est.]",2.5,240,14.782392206907497,14.782392206907497,L,2026-06-15-score-rework,0.4019415691278985,0.5497654911969735,0.25411764705882356,0.3666013350348549,0.05,3.4,0.10855215070570085
2026-06-21,prop_tb,"Drake Baldwin tb OVER 3.5 [1-sided, ~8% juice est.]",3.5,340,10.950708422857181,10.950708422857181,L,2026-06-15-score-rework,0.29677981150129906,0.4062868957298709,0.18727272727272726,0.3058311706057161,0.05,4.4,0.09424483895562188
2026-06-21,prop_tb,"Joey Bart tb OVER 0.5 [1-sided, ~8% juice est.]",0.5,-179,9.504851704889827,9.504851704889827,L,2026-06-15-score-rework,0.6966255779807978,0.7916740950296961,0.6015770609318996,0.08580187852872961,0.05,1.558659217877095,0.09543556963868804
2026-06-21,prop_tb,"Joey Bart tb OVER 1.5 [1-sided, ~8% juice est.]",1.5,155,11.437500534879213,11.437500534879213,L,2026-06-15-score-rework,0.4665318680938902,0.5809068734426823,0.35215686274509805,0.1896562636394199,0.05,2.55,0.11238845154849161
2026-06-21,prop_tb,"Joey Bart tb OVER 2.5 [1-sided, ~8% juice est.]",2.5,310,10.136402725076557,10.136402725076557,L,2026-06-15-score-rework,0.3052664662751558,0.40663049352592134,0.20390243902439023,0.2515925117281387,0.05,4.1,0.0957699483594315
2026-06-21,prop_hr,"Matt Olson hr OVER 0.5 [1-sided, ~8% juice est.]",0.5,390,10.429455282701335,10.429455282701335,L,2026-06-15-score-rework,0.2683761854800746,0.3726707383070879,0.16408163265306122,0.31504330885236564,0.05,4.9,0.07889827898029894
2026-06-21,prop_pitcher_k,Nick Martinez pitcher_k UNDER 3.5,3.5,110,6.3798642655497675,6.3798642655497675,L,2026-06-15-score-rework,0.5210551038881021,0.5848537465435997,0.4572564612326044,0.0942157181650144,0.05,2.1,0.32874807634723113
2026-06-21,prop_pitcher_k,Ryan Gusto pitcher_k UNDER 3.5,3.5,110,7.427009878609947,7.427009878609947,L,2026-06-15-score-rework,0.5174094474246472,0.5916795462107467,0.44313934863854776,0.08655983959175928,0.05,2.1,0.3289328033692803
2026-06-21,prop_rbi,"Cole Carrigg rbi OVER 0.5 [1-sided, ~8% juice est.]",0.5,140,7.0328085544884065,7.0328085544884065,L,2026-06-15-score-rework,0.44699475221155077,0.5173228377564348,0.3766666666666667,0.07278740530772176,0.05,2.4,0.08469003008103188
2026-06-21,prop_tb,"Cole Carrigg tb OVER 0.5 [1-sided, ~8% juice est.]",0.5,-222,7.81161595946015,7.81161595946015,W,2026-06-15-score-rework,0.7275571533834213,0.8056733129780227,0.6494409937888198,0.05528560085343093,0.05,1.4504504504504505,0.08951058926641062
2026-06-21,prop_tb,"Cole Carrigg tb OVER 1.5 [1-sided, ~8% juice est.]",1.5,125,9.79565579570511,9.79565579570511,L,2026-06-15-score-rework,0.5024010024014955,0.6003575603585467,0.40444444444444444,0.13040225540336503,0.05,2.25,0.11289166693844183
2026-06-21,prop_tb,"Cole Carrigg tb OVER 2.5 [1-sided, ~8% juice est.]",2.5,250,9.020041446619539,9.020041446619539,L,2026-06-15-score-rework,0.3359147001804811,0.42611511464667645,0.2457142857142857,0.17570145063168374,0.05,3.5,0.1007360153677606
2026-06-21,prop_tb,"Cole Carrigg tb OVER 3.5 [1-sided, ~8% juice est.]",3.5,390,6.379889638568023,6.379889638568023,L,2026-06-15-score-rework,0.22788052903874145,0.29167942542442166,0.16408163265306122,0.11661459228983317,0.029901177510213633,4.9,0.07945543601626427
2026-06-21,prop_tb,"Willson Contreras tb OVER 0.5 [1-sided, ~8% juice est.]",0.5,-169,8.10950577865971,8.10950577865971,L,2026-06-15-score-rework,0.6693478458906863,0.7504429036772835,0.5882527881040892,0.06541166002718701,0.05,1.5917159763313609,0.09994362977168351
2026-06-21,prop_tb,"Willson Contreras tb OVER 1.5 [1-sided, ~8% juice est.]",1.5,150,8.341447003240338,8.341447003240338,L,2026-06-15-score-rework,0.4434144700324034,0.5268289400648067,0.36000000000000004,0.10853617508100855,0.05,2.5,0.11144835551491329
2026-06-21,prop_tb,"Willson Contreras tb OVER 2.5 [1-sided, ~8% juice est.]",2.5,280,6.571759058995033,6.571759058995033,L,2026-06-15-score-rework,0.2888754853267924,0.3545930759167427,0.22315789473684208,0.0977268442418111,0.034902444372075396,3.8,0.0927658717764706
